participant_id,location,session_number,session_suffix,screen_name,event_type,element_id,element_label,option_id,seal_id,rank_number,condition_id,price_brl,price,price_currency,price_unit,price_increase_percent,x_position,y_position,viewport_width,viewport_height,clicked_at,timestamp,saved_at,from_rank,to_rank,presentation_screen_number
PUCPR-1782234486787-S4230J,PUCPR,1,,session-1-ranking,product_card_click,option-2,Picanha bovina - Bem-estar animal,option-2,red-2,1,,,,,,,,,601,832,2026-06-23T17:08:08.693Z,2026-06-23T17:08:19.237Z,2026-06-23T17:08:19.426Z,,,
PUCPR-1782234486787-S4230J,PUCPR,1,,session-1-ranking,confirm_modal_yes_click,confirm-choice-yes,Confirm purchase intention,option-2,red-2,1,,,,,,,234,555,601,832,2026-06-23T17:08:09.389Z,2026-06-23T17:08:19.237Z,2026-06-23T17:08:19.426Z,,,
PUCPR-1782234486787-S4230J,PUCPR,1,,session-1-ranking,product_card_click,option-5,Picanha bovina - Orgânica,option-5,green-3,2,,,,,,,,,601,832,2026-06-23T17:08:10.034Z,2026-06-23T17:08:19.237Z,2026-06-23T17:08:19.426Z,,,
PUCPR-1782234486787-S4230J,PUCPR,1,,session-1-ranking,confirm_modal_yes_click,confirm-choice-yes,Confirm purchase intention,option-5,green-3,2,,,,,,,205,527,601,832,2026-06-23T17:08:10.589Z,2026-06-23T17:08:19.237Z,2026-06-23T17:08:19.426Z,,,
PUCPR-1782234486787-S4230J,PUCPR,1,,session-1-ranking,product_card_click,option-3,Picanha bovina - Tradicional,option-3,green-1,3,,,,,,,,,601,832,2026-06-23T17:08:11.008Z,2026-06-23T17:08:19.237Z,2026-06-23T17:08:19.426Z,,,
PUCPR-1782234486787-S4230J,PUCPR,1,,session-1-ranking,confirm_modal_yes_click,confirm-choice-yes,Confirm purchase intention,option-3,green-1,3,,,,,,,233,545,601,832,2026-06-23T17:08:11.655Z,2026-06-23T17:08:19.237Z,2026-06-23T17:08:19.426Z,,,
PUCPR-1782234486787-S4230J,PUCPR,1,,session-1-ranking,product_card_click,option-1,Picanha bovina - Angus,option-1,red-1,4,,,,,,,191,403,601,832,2026-06-23T17:08:12.074Z,2026-06-23T17:08:19.237Z,2026-06-23T17:08:19.426Z,,,
PUCPR-1782234486787-S4230J,PUCPR,1,,session-1-ranking,confirm_modal_yes_click,confirm-choice-yes,Confirm purchase intention,option-1,red-1,4,,,,,,,236,555,601,832,2026-06-23T17:08:12.622Z,2026-06-23T17:08:19.237Z,2026-06-23T17:08:19.426Z,,,
PUCPR-1782234486787-S4230J,PUCPR,1,,session-1-ranking,product_card_click,option-4,Picanha bovina - Cultivada,option-4,green-2,5,,,,,,,217,566,601,832,2026-06-23T17:08:13.109Z,2026-06-23T17:08:19.237Z,2026-06-23T17:08:19.426Z,,,
PUCPR-1782234486787-S4230J,PUCPR,1,,session-1-ranking,confirm_modal_yes_click,confirm-choice-yes,Confirm purchase intention,option-4,green-2,5,,,,,,,261,552,601,832,2026-06-23T17:08:13.687Z,2026-06-23T17:08:19.237Z,2026-06-23T17:08:19.426Z,,,
PUCPR-1782234486787-S4230J,PUCPR,1,,session-1-ranking,ranking_complete_click,ranking-complete,Confirm full ranking,,,complete,,,,,,,265,817,601,832,2026-06-23T17:08:15.561Z,2026-06-23T17:08:19.237Z,2026-06-23T17:08:19.426Z,,,
PUCPR-1782234486787-S4230J,PUCPR,2,,session-2-ranking,product_card_click,session-2-option-1,Picanha bovina - Angus,session-2-option-1,red-1,1,,,,,,,,,601,832,2026-06-23T17:08:35.812Z,2026-06-23T17:08:48.698Z,2026-06-23T17:08:48.977Z,,,
PUCPR-1782234486787-S4230J,PUCPR,2,,session-2-ranking,confirm_modal_yes_click,confirm-choice-yes,Confirm purchase intention,session-2-option-1,red-1,1,,,,,,,236,567,601,832,2026-06-23T17:08:36.346Z,2026-06-23T17:08:48.698Z,2026-06-23T17:08:48.977Z,,,
PUCPR-1782234486787-S4230J,PUCPR,2,,session-2-ranking,product_card_click,session-2-option-4,Picanha bovina - Cultivada,session-2-option-4,green-2,2,,,,,,,,,601,832,2026-06-23T17:08:36.921Z,2026-06-23T17:08:48.698Z,2026-06-23T17:08:48.977Z,,,
PUCPR-1782234486787-S4230J,PUCPR,2,,session-2-ranking,confirm_modal_yes_click,confirm-choice-yes,Confirm purchase intention,session-2-option-4,green-2,2,,,,,,,238,566,601,832,2026-06-23T17:08:37.372Z,2026-06-23T17:08:48.698Z,2026-06-23T17:08:48.977Z,,,
PUCPR-1782234486787-S4230J,PUCPR,2,,session-2-ranking,product_card_click,session-2-option-3,Picanha bovina - Tradicional,session-2-option-3,green-1,3,,,,,,,,,601,832,2026-06-23T17:08:37.724Z,2026-06-23T17:08:48.698Z,2026-06-23T17:08:48.977Z,,,
PUCPR-1782234486787-S4230J,PUCPR,2,,session-2-ranking,confirm_modal_yes_click,confirm-choice-yes,Confirm purchase intention,session-2-option-3,green-1,3,,,,,,,220,566,601,832,2026-06-23T17:08:38.174Z,2026-06-23T17:08:48.698Z,2026-06-23T17:08:48.977Z,,,
PUCPR-1782234486787-S4230J,PUCPR,2,,session-2-ranking,product_card_click,session-2-option-2,Picanha bovina - Bem-estar animal,session-2-option-2,red-2,4,,,,,,,220,566,601,832,2026-06-23T17:08:38.496Z,2026-06-23T17:08:48.698Z,2026-06-23T17:08:48.977Z,,,
PUCPR-1782234486787-S4230J,PUCPR,2,,session-2-ranking,confirm_modal_yes_click,confirm-choice-yes,Confirm purchase intention,session-2-option-2,red-2,4,,,,,,,220,566,601,832,2026-06-23T17:08:39.044Z,2026-06-23T17:08:48.698Z,2026-06-23T17:08:48.977Z,,,
PUCPR-1782234486787-S4230J,PUCPR,2,,session-2-ranking,product_card_click,session-2-option-5,Picanha bovina - Orgânica,session-2-option-5,green-3,5,,,,,,,,,601,832,2026-06-23T17:08:39.533Z,2026-06-23T17:08:48.698Z,2026-06-23T17:08:48.977Z,,,
PUCPR-1782234486787-S4230J,PUCPR,2,,session-2-ranking,confirm_modal_yes_click,confirm-choice-yes,Confirm purchase intention,session-2-option-5,green-3,5,,,,,,,239,557,601,832,2026-06-23T17:08:40.065Z,2026-06-23T17:08:48.698Z,2026-06-23T17:08:48.977Z,,,
PUCPR-1782234486787-S4230J,PUCPR,2,,session-2-ranking,selected_ranking_reorder_drag,session-2-option-3,Picanha bovina - Tradicional,session-2-option-3,green-1,2,,,,,,,221.73912048339844,513.04345703125,601,832,2026-06-23T17:08:43.573Z,2026-06-23T17:08:48.698Z,2026-06-23T17:08:48.977Z,3,2,
PUCPR-1782234486787-S4230J,PUCPR,2,,session-2-ranking,selected_ranking_reorder_drag,session-2-option-3,Picanha bovina - Tradicional,session-2-option-3,green-1,2,,,,,,,221.73912048339844,513.04345703125,601,832,2026-06-23T17:08:43.573Z,2026-06-23T17:08:48.698Z,2026-06-23T17:08:48.977Z,3,2,
PUCPR-1782234486787-S4230J,PUCPR,2,,session-2-ranking,selected_ranking_reorder_drag,session-2-option-1,Picanha bovina - Angus,session-2-option-1,red-1,2,,,,,,,233.69564819335938,445.65216064453125,601,832,2026-06-23T17:08:44.112Z,2026-06-23T17:08:48.698Z,2026-06-23T17:08:48.977Z,1,2,
PUCPR-1782234486787-S4230J,PUCPR,2,,session-2-ranking,selected_ranking_reorder_drag,session-2-option-1,Picanha bovina - Angus,session-2-option-1,red-1,2,,,,,,,233.69564819335938,445.65216064453125,601,832,2026-06-23T17:08:44.112Z,2026-06-23T17:08:48.698Z,2026-06-23T17:08:48.977Z,1,2,
PUCPR-1782234486787-S4230J,PUCPR,2,,session-2-ranking,selected_ranking_reorder_drag,session-2-option-1,Picanha bovina - Angus,session-2-option-1,red-1,3,,,,,,,234.78260803222656,529.3478393554688,601,832,2026-06-23T17:08:44.232Z,2026-06-23T17:08:48.698Z,2026-06-23T17:08:48.977Z,2,3,
PUCPR-1782234486787-S4230J,PUCPR,2,,session-2-ranking,selected_ranking_reorder_drag,session-2-option-1,Picanha bovina - Angus,session-2-option-1,red-1,3,,,,,,,234.78260803222656,529.3478393554688,601,832,2026-06-23T17:08:44.232Z,2026-06-23T17:08:48.698Z,2026-06-23T17:08:48.977Z,2,3,
PUCPR-1782234486787-S4230J,PUCPR,2,,session-2-ranking,selected_ranking_reorder_drag,session-2-option-4,Picanha bovina - Cultivada,session-2-option-4,green-2,1,,,,,,,241.30433654785156,430.4347839355469,601,832,2026-06-23T17:08:45.178Z,2026-06-23T17:08:48.698Z,2026-06-23T17:08:48.977Z,2,1,
PUCPR-1782234486787-S4230J,PUCPR,2,,session-2-ranking,selected_ranking_reorder_drag,session-2-option-4,Picanha bovina - Cultivada,session-2-option-4,green-2,1,,,,,,,241.30433654785156,430.4347839355469,601,832,2026-06-23T17:08:45.178Z,2026-06-23T17:08:48.698Z,2026-06-23T17:08:48.977Z,2,1,
PUCPR-1782234486787-S4230J,PUCPR,2,,session-2-ranking,ranking_complete_click,ranking-complete,Confirm full ranking,,,complete,,,,,,,299,809,601,832,2026-06-23T17:08:46.356Z,2026-06-23T17:08:48.698Z,2026-06-23T17:08:48.977Z,,,
PUCPR-1782234486787-S4230J,PUCPR,3,Escolha 1 de 3,session-3-ranking,product_card_click,session-3-condition-3.3-green-2-10,Picanha bovina - Cultivada,session-3-condition-3.3-green-2-10,green-2,1,3.3,93.5,93.5,BRL,kg,10,,,601,832,2026-06-23T17:08:52.957Z,2026-06-23T17:09:08.662Z,2026-06-23T17:09:08.825Z,,,1
PUCPR-1782234486787-S4230J,PUCPR,3,Escolha 1 de 3,session-3-ranking,confirm_modal_yes_click,confirm-choice-yes,Confirm purchase intention,session-3-condition-3.3-green-2-10,green-2,1,3.3,93.5,93.5,BRL,kg,10,245,555,601,832,2026-06-23T17:08:53.481Z,2026-06-23T17:09:08.662Z,2026-06-23T17:09:08.825Z,,,1
PUCPR-1782234486787-S4230J,PUCPR,3,Escolha 1 de 3,session-3-ranking,product_card_click,session-3-condition-3.3-red-2-20,Picanha bovina - Bem-estar animal,session-3-condition-3.3-red-2-20,red-2,2,3.3,102,102,BRL,kg,20,213,591,601,832,2026-06-23T17:08:53.985Z,2026-06-23T17:09:08.662Z,2026-06-23T17:09:08.825Z,,,1
PUCPR-1782234486787-S4230J,PUCPR,3,Escolha 1 de 3,session-3-ranking,confirm_modal_yes_click,confirm-choice-yes,Confirm purchase intention,session-3-condition-3.3-red-2-20,red-2,2,3.3,102,102,BRL,kg,20,243,546,601,832,2026-06-23T17:08:54.510Z,2026-06-23T17:09:08.662Z,2026-06-23T17:09:08.825Z,,,1
PUCPR-1782234486787-S4230J,PUCPR,3,Escolha 1 de 3,session-3-ranking,product_card_click,session-3-condition-3.3-green-1-5,Picanha bovina - Tradicional,session-3-condition-3.3-green-1-5,green-1,3,3.3,89.25,89.25,BRL,kg,5,,,601,832,2026-06-23T17:08:54.989Z,2026-06-23T17:09:08.662Z,2026-06-23T17:09:08.825Z,,,1
PUCPR-1782234486787-S4230J,PUCPR,3,Escolha 1 de 3,session-3-ranking,confirm_modal_yes_click,confirm-choice-yes,Confirm purchase intention,session-3-condition-3.3-green-1-5,green-1,3,3.3,89.25,89.25,BRL,kg,5,264,572,601,832,2026-06-23T17:08:55.454Z,2026-06-23T17:09:08.662Z,2026-06-23T17:09:08.825Z,,,1
PUCPR-1782234486787-S4230J,PUCPR,3,Escolha 1 de 3,session-3-ranking,ranking_complete_click,ranking-complete,Confirm full ranking,,,complete,3.3,,,,,,230,689,601,832,2026-06-23T17:08:56.183Z,2026-06-23T17:09:08.662Z,2026-06-23T17:09:08.825Z,,,1
PUCPR-1782234486787-S4230J,PUCPR,3,Escolha 2 de 3,session-3-ranking,product_card_click,session-3-condition-3.2-green-1-20,Picanha bovina - Tradicional,session-3-condition-3.2-green-1-20,green-1,1,3.2,102,102,BRL,kg,20,,,601,832,2026-06-23T17:08:58.507Z,2026-06-23T17:09:08.662Z,2026-06-23T17:09:08.825Z,,,2
PUCPR-1782234486787-S4230J,PUCPR,3,Escolha 2 de 3,session-3-ranking,confirm_modal_yes_click,confirm-choice-yes,Confirm purchase intention,session-3-condition-3.2-green-1-20,green-1,1,3.2,102,102,BRL,kg,20,238,569,601,832,2026-06-23T17:08:58.958Z,2026-06-23T17:09:08.662Z,2026-06-23T17:09:08.825Z,,,2
PUCPR-1782234486787-S4230J,PUCPR,3,Escolha 2 de 3,session-3-ranking,product_card_click,session-3-condition-3.2-red-2-10,Picanha bovina - Bem-estar animal,session-3-condition-3.2-red-2-10,red-2,2,3.2,93.5,93.5,BRL,kg,10,238,572,601,832,2026-06-23T17:08:59.422Z,2026-06-23T17:09:08.662Z,2026-06-23T17:09:08.825Z,,,2
PUCPR-1782234486787-S4230J,PUCPR,3,Escolha 2 de 3,session-3-ranking,confirm_modal_yes_click,confirm-choice-yes,Confirm purchase intention,session-3-condition-3.2-red-2-10,red-2,2,3.2,93.5,93.5,BRL,kg,10,238,543,601,832,2026-06-23T17:08:59.917Z,2026-06-23T17:09:08.662Z,2026-06-23T17:09:08.825Z,,,2
PUCPR-1782234486787-S4230J,PUCPR,3,Escolha 2 de 3,session-3-ranking,product_card_click,session-3-condition-3.2-green-2-5,Picanha bovina - Cultivada,session-3-condition-3.2-green-2-5,green-2,3,3.2,89.25,89.25,BRL,kg,5,,,601,832,2026-06-23T17:09:00.361Z,2026-06-23T17:09:08.662Z,2026-06-23T17:09:08.825Z,,,2
PUCPR-1782234486787-S4230J,PUCPR,3,Escolha 2 de 3,session-3-ranking,confirm_modal_yes_click,confirm-choice-yes,Confirm purchase intention,session-3-condition-3.2-green-2-5,green-2,3,3.2,89.25,89.25,BRL,kg,5,258,570,601,832,2026-06-23T17:09:00.826Z,2026-06-23T17:09:08.662Z,2026-06-23T17:09:08.825Z,,,2
PUCPR-1782234486787-S4230J,PUCPR,3,Escolha 2 de 3,session-3-ranking,selected_ranking_reorder_drag,session-3-condition-3.2-red-2-10,Picanha bovina - Bem-estar animal,session-3-condition-3.2-red-2-10,red-2,3,3.2,93.5,93.5,BRL,kg,10,253.2608642578125,572.8260498046875,601,832,2026-06-23T17:09:01.755Z,2026-06-23T17:09:08.662Z,2026-06-23T17:09:08.825Z,2,3,2
PUCPR-1782234486787-S4230J,PUCPR,3,Escolha 2 de 3,session-3-ranking,selected_ranking_reorder_drag,session-3-condition-3.2-red-2-10,Picanha bovina - Bem-estar animal,session-3-condition-3.2-red-2-10,red-2,3,3.2,93.5,93.5,BRL,kg,10,253.2608642578125,572.8260498046875,601,832,2026-06-23T17:09:01.755Z,2026-06-23T17:09:08.662Z,2026-06-23T17:09:08.825Z,2,3,2
PUCPR-1782234486787-S4230J,PUCPR,3,Escolha 2 de 3,session-3-ranking,ranking_complete_click,ranking-complete,Confirm full ranking,,,complete,3.2,,,,,,258,687,601,832,2026-06-23T17:09:02.707Z,2026-06-23T17:09:08.662Z,2026-06-23T17:09:08.825Z,,,2
PUCPR-1782234486787-S4230J,PUCPR,3,Escolha 3 de 3,session-3-ranking,product_card_click,session-3-condition-3.1-green-2-20,Picanha bovina - Cultivada,session-3-condition-3.1-green-2-20,green-2,1,3.1,102,102,BRL,kg,20,,,601,832,2026-06-23T17:09:05.190Z,2026-06-23T17:09:08.662Z,2026-06-23T17:09:08.825Z,,,3
PUCPR-1782234486787-S4230J,PUCPR,3,Escolha 3 de 3,session-3-ranking,confirm_modal_yes_click,confirm-choice-yes,Confirm purchase intention,session-3-condition-3.1-green-2-20,green-2,1,3.1,102,102,BRL,kg,20,225,560,601,832,2026-06-23T17:09:05.790Z,2026-06-23T17:09:08.662Z,2026-06-23T17:09:08.825Z,,,3
PUCPR-1782234486787-S4230J,PUCPR,3,Escolha 3 de 3,session-3-ranking,product_card_click,session-3-condition-3.1-green-1-10,Picanha bovina - Tradicional,session-3-condition-3.1-green-1-10,green-1,2,3.1,93.5,93.5,BRL,kg,10,192,605,601,832,2026-06-23T17:09:06.329Z,2026-06-23T17:09:08.662Z,2026-06-23T17:09:08.825Z,,,3
PUCPR-1782234486787-S4230J,PUCPR,3,Escolha 3 de 3,session-3-ranking,confirm_modal_yes_click,confirm-choice-yes,Confirm purchase intention,session-3-condition-3.1-green-1-10,green-1,2,3.1,93.5,93.5,BRL,kg,10,218,538,601,832,2026-06-23T17:09:06.824Z,2026-06-23T17:09:08.662Z,2026-06-23T17:09:08.825Z,,,3
PUCPR-1782234486787-S4230J,PUCPR,3,Escolha 3 de 3,session-3-ranking,product_card_click,session-3-condition-3.1-red-2-5,Picanha bovina - Bem-estar animal,session-3-condition-3.1-red-2-5,red-2,3,3.1,89.25,89.25,BRL,kg,5,210,623,601,832,2026-06-23T17:09:07.274Z,2026-06-23T17:09:08.662Z,2026-06-23T17:09:08.825Z,,,3
PUCPR-1782234486787-S4230J,PUCPR,3,Escolha 3 de 3,session-3-ranking,confirm_modal_yes_click,confirm-choice-yes,Confirm purchase intention,session-3-condition-3.1-red-2-5,red-2,3,3.1,89.25,89.25,BRL,kg,5,249,558,601,832,2026-06-23T17:09:07.680Z,2026-06-23T17:09:08.662Z,2026-06-23T17:09:08.825Z,,,3
PUCPR-1782234486787-S4230J,PUCPR,3,Escolha 3 de 3,session-3-ranking,ranking_complete_click,ranking-complete,Confirm full ranking,,,complete,3.1,,,,,,253,702,601,832,2026-06-23T17:09:08.661Z,2026-06-23T17:09:08.662Z,2026-06-23T17:09:08.825Z,,,3
PUCPR-1782390864676-75BHND,PUCPR,3,Escolha 1 de 3,session-3-ranking,product_card_click,session-3-condition-3.3-green-1-20,Picanha bovina - Tradicional,session-3-condition-3.3-green-1-20,green-1,1,3.3,102,102,BRL,kg,20,,,1600,731,2026-06-25T12:34:33.473Z,2026-06-25T12:34:49.358Z,2026-06-25T12:34:49.652Z,,,1
PUCPR-1782390864676-75BHND,PUCPR,3,Escolha 1 de 3,session-3-ranking,confirm_modal_yes_click,confirm-choice-yes,Confirm purchase intention,session-3-condition-3.3-green-1-20,green-1,1,3.3,102,102,BRL,kg,20,817,405,1600,731,2026-06-25T12:34:34.321Z,2026-06-25T12:34:49.358Z,2026-06-25T12:34:49.652Z,,,1
PUCPR-1782390864676-75BHND,PUCPR,3,Escolha 1 de 3,session-3-ranking,product_card_click,session-3-condition-3.3-red-2-5,Picanha bovina - Bem-estar animal,session-3-condition-3.3-red-2-5,red-2,2,3.3,89.25,89.25,BRL,kg,5,,,1600,731,2026-06-25T12:34:35.027Z,2026-06-25T12:34:49.358Z,2026-06-25T12:34:49.652Z,,,1
PUCPR-1782390864676-75BHND,PUCPR,3,Escolha 1 de 3,session-3-ranking,confirm_modal_yes_click,confirm-choice-yes,Confirm purchase intention,session-3-condition-3.3-red-2-5,red-2,2,3.3,89.25,89.25,BRL,kg,5,862,412,1600,731,2026-06-25T12:34:35.588Z,2026-06-25T12:34:49.358Z,2026-06-25T12:34:49.652Z,,,1
PUCPR-1782390864676-75BHND,PUCPR,3,Escolha 1 de 3,session-3-ranking,product_card_click,session-3-condition-3.3-red-1-10,Picanha bovina - Angus,session-3-condition-3.3-red-1-10,red-1,3,3.3,93.5,93.5,BRL,kg,10,,,1600,731,2026-06-25T12:34:35.992Z,2026-06-25T12:34:49.358Z,2026-06-25T12:34:49.652Z,,,1
PUCPR-1782390864676-75BHND,PUCPR,3,Escolha 1 de 3,session-3-ranking,confirm_modal_yes_click,confirm-choice-yes,Confirm purchase intention,session-3-condition-3.3-red-1-10,red-1,3,3.3,93.5,93.5,BRL,kg,10,950,446,1600,731,2026-06-25T12:34:36.713Z,2026-06-25T12:34:49.358Z,2026-06-25T12:34:49.652Z,,,1
PUCPR-1782390864676-75BHND,PUCPR,3,Escolha 1 de 3,session-3-ranking,ranking_complete_click,ranking-complete,Confirm full ranking,,,complete,3.3,,,,,,1271,714,1600,731,2026-06-25T12:34:37.590Z,2026-06-25T12:34:49.358Z,2026-06-25T12:34:49.652Z,,,1
PUCPR-1782390864676-75BHND,PUCPR,3,Escolha 2 de 3,session-3-ranking,product_card_click,session-3-condition-3.2-green-1-10,Picanha bovina - Tradicional,session-3-condition-3.2-green-1-10,green-1,1,3.2,93.5,93.5,BRL,kg,10,410,552,1600,731,2026-06-25T12:34:39.735Z,2026-06-25T12:34:49.358Z,2026-06-25T12:34:49.652Z,,,2
PUCPR-1782390864676-75BHND,PUCPR,3,Escolha 2 de 3,session-3-ranking,confirm_modal_yes_click,confirm-choice-yes,Confirm purchase intention,session-3-condition-3.2-green-1-10,green-1,1,3.2,93.5,93.5,BRL,kg,10,861,420,1600,731,2026-06-25T12:34:40.478Z,2026-06-25T12:34:49.358Z,2026-06-25T12:34:49.652Z,,,2
PUCPR-1782390864676-75BHND,PUCPR,3,Escolha 2 de 3,session-3-ranking,product_card_click,session-3-condition-3.2-red-1-5,Picanha bovina - Angus,session-3-condition-3.2-red-1-5,red-1,2,3.2,89.25,89.25,BRL,kg,5,434,437,1600,731,2026-06-25T12:34:40.787Z,2026-06-25T12:34:49.358Z,2026-06-25T12:34:49.652Z,,,2
PUCPR-1782390864676-75BHND,PUCPR,3,Escolha 2 de 3,session-3-ranking,confirm_modal_yes_click,confirm-choice-yes,Confirm purchase intention,session-3-condition-3.2-red-1-5,red-1,2,3.2,89.25,89.25,BRL,kg,5,859,408,1600,731,2026-06-25T12:34:41.335Z,2026-06-25T12:34:49.358Z,2026-06-25T12:34:49.652Z,,,2
PUCPR-1782390864676-75BHND,PUCPR,3,Escolha 2 de 3,session-3-ranking,product_card_click,session-3-condition-3.2-red-2-20,Picanha bovina - Bem-estar animal,session-3-condition-3.2-red-2-20,red-2,3,3.2,102,102,BRL,kg,20,455,449,1600,731,2026-06-25T12:34:41.648Z,2026-06-25T12:34:49.358Z,2026-06-25T12:34:49.652Z,,,2
PUCPR-1782390864676-75BHND,PUCPR,3,Escolha 2 de 3,session-3-ranking,confirm_modal_yes_click,confirm-choice-yes,Confirm purchase intention,session-3-condition-3.2-red-2-20,red-2,3,3.2,102,102,BRL,kg,20,888,415,1600,731,2026-06-25T12:34:42.180Z,2026-06-25T12:34:49.358Z,2026-06-25T12:34:49.652Z,,,2
PUCPR-1782390864676-75BHND,PUCPR,3,Escolha 2 de 3,session-3-ranking,ranking_complete_click,ranking-complete,Confirm full ranking,,,complete,3.2,,,,,,1173,717,1600,731,2026-06-25T12:34:43.283Z,2026-06-25T12:34:49.358Z,2026-06-25T12:34:49.652Z,,,2
PUCPR-1782390864676-75BHND,PUCPR,3,Escolha 3 de 3,session-3-ranking,product_card_click,session-3-condition-3.1-red-1-20,Picanha bovina - Angus,session-3-condition-3.1-red-1-20,red-1,1,3.1,102,102,BRL,kg,20,464,414,1600,731,2026-06-25T12:34:45.330Z,2026-06-25T12:34:49.358Z,2026-06-25T12:34:49.652Z,,,3
PUCPR-1782390864676-75BHND,PUCPR,3,Escolha 3 de 3,session-3-ranking,confirm_modal_yes_click,confirm-choice-yes,Confirm purchase intention,session-3-condition-3.1-red-1-20,red-1,1,3.1,102,102,BRL,kg,20,861,422,1600,731,2026-06-25T12:34:46.718Z,2026-06-25T12:34:49.358Z,2026-06-25T12:34:49.652Z,,,3
PUCPR-1782390864676-75BHND,PUCPR,3,Escolha 3 de 3,session-3-ranking,product_card_click,session-3-condition-3.1-red-2-10,Picanha bovina - Bem-estar animal,session-3-condition-3.1-red-2-10,red-2,2,3.1,93.5,93.5,BRL,kg,10,370,396,1600,731,2026-06-25T12:34:47.115Z,2026-06-25T12:34:49.358Z,2026-06-25T12:34:49.652Z,,,3
PUCPR-1782390864676-75BHND,PUCPR,3,Escolha 3 de 3,session-3-ranking,confirm_modal_yes_click,confirm-choice-yes,Confirm purchase intention,session-3-condition-3.1-red-2-10,red-2,2,3.1,93.5,93.5,BRL,kg,10,891,420,1600,731,2026-06-25T12:34:47.670Z,2026-06-25T12:34:49.358Z,2026-06-25T12:34:49.652Z,,,3
PUCPR-1782390864676-75BHND,PUCPR,3,Escolha 3 de 3,session-3-ranking,product_card_click,session-3-condition-3.1-green-1-5,Picanha bovina - Tradicional,session-3-condition-3.1-green-1-5,green-1,3,3.1,89.25,89.25,BRL,kg,5,382,387,1600,731,2026-06-25T12:34:48.000Z,2026-06-25T12:34:49.358Z,2026-06-25T12:34:49.652Z,,,3
PUCPR-1782390864676-75BHND,PUCPR,3,Escolha 3 de 3,session-3-ranking,confirm_modal_yes_click,confirm-choice-yes,Confirm purchase intention,session-3-condition-3.1-green-1-5,green-1,3,3.1,89.25,89.25,BRL,kg,5,888,413,1600,731,2026-06-25T12:34:48.548Z,2026-06-25T12:34:49.358Z,2026-06-25T12:34:49.652Z,,,3
PUCPR-1782390864676-75BHND,PUCPR,3,Escolha 3 de 3,session-3-ranking,ranking_complete_click,ranking-complete,Confirm full ranking,,,complete,3.1,,,,,,1181,714,1600,731,2026-06-25T12:34:49.358Z,2026-06-25T12:34:49.358Z,2026-06-25T12:34:49.652Z,,,3
NMSU-1782391323884-WZP9N2,NMSU,3,Choice 1 of 3,session-3-ranking,product_card_click,session-3-condition-3.2-red-2-20,Beef steak - Animal welfare,session-3-condition-3.2-red-2-20,red-2,1,3.2,,24,USD,lb,20,,,1600,731,2026-06-25T12:42:12.015Z,2026-06-25T12:42:27.315Z,2026-06-25T12:42:27.464Z,,,1
NMSU-1782391323884-WZP9N2,NMSU,3,Choice 1 of 3,session-3-ranking,confirm_modal_yes_click,confirm-choice-yes,Confirm purchase intention,session-3-condition-3.2-red-2-20,red-2,1,3.2,,24,USD,lb,20,865,431,1600,731,2026-06-25T12:42:12.750Z,2026-06-25T12:42:27.315Z,2026-06-25T12:42:27.464Z,,,1
NMSU-1782391323884-WZP9N2,NMSU,3,Choice 1 of 3,session-3-ranking,product_card_click,session-3-condition-3.2-red-1-5,Beef steak - Angus,session-3-condition-3.2-red-1-5,red-1,2,3.2,,21,USD,lb,5,323,556,1600,731,2026-06-25T12:42:13.283Z,2026-06-25T12:42:27.315Z,2026-06-25T12:42:27.464Z,,,1
NMSU-1782391323884-WZP9N2,NMSU,3,Choice 1 of 3,session-3-ranking,confirm_modal_yes_click,confirm-choice-yes,Confirm purchase intention,session-3-condition-3.2-red-1-5,red-1,2,3.2,,21,USD,lb,5,941,427,1600,731,2026-06-25T12:42:14.160Z,2026-06-25T12:42:27.315Z,2026-06-25T12:42:27.464Z,,,1
NMSU-1782391323884-WZP9N2,NMSU,3,Choice 1 of 3,session-3-ranking,product_card_click,session-3-condition-3.2-green-1-10,Beef steak - Traditional,session-3-condition-3.2-green-1-10,green-1,3,3.2,,22,USD,lb,10,355,486,1600,731,2026-06-25T12:42:14.707Z,2026-06-25T12:42:27.315Z,2026-06-25T12:42:27.464Z,,,1
NMSU-1782391323884-WZP9N2,NMSU,3,Choice 1 of 3,session-3-ranking,confirm_modal_yes_click,confirm-choice-yes,Confirm purchase intention,session-3-condition-3.2-green-1-10,green-1,3,3.2,,22,USD,lb,10,955,417,1600,731,2026-06-25T12:42:15.390Z,2026-06-25T12:42:27.315Z,2026-06-25T12:42:27.464Z,,,1
NMSU-1782391323884-WZP9N2,NMSU,3,Choice 1 of 3,session-3-ranking,ranking_complete_click,ranking-complete,Confirm full ranking,,,complete,3.2,,,,,,1171,640,1600,731,2026-06-25T12:42:16.215Z,2026-06-25T12:42:27.315Z,2026-06-25T12:42:27.464Z,,,1
NMSU-1782391323884-WZP9N2,NMSU,3,Choice 2 of 3,session-3-ranking,product_card_click,session-3-condition-3.3-red-1-10,Beef steak - Angus,session-3-condition-3.3-red-1-10,red-1,1,3.3,,22,USD,lb,10,546,445,1600,731,2026-06-25T12:42:18.352Z,2026-06-25T12:42:27.315Z,2026-06-25T12:42:27.464Z,,,2
NMSU-1782391323884-WZP9N2,NMSU,3,Choice 2 of 3,session-3-ranking,confirm_modal_yes_click,confirm-choice-yes,Confirm purchase intention,session-3-condition-3.3-red-1-10,red-1,1,3.3,,22,USD,lb,10,963,439,1600,731,2026-06-25T12:42:18.991Z,2026-06-25T12:42:27.315Z,2026-06-25T12:42:27.464Z,,,2
NMSU-1782391323884-WZP9N2,NMSU,3,Choice 2 of 3,session-3-ranking,product_card_click,session-3-condition-3.3-red-2-5,Beef steak - Animal welfare,session-3-condition-3.3-red-2-5,red-2,2,3.3,,21,USD,lb,5,615,427,1600,731,2026-06-25T12:42:19.410Z,2026-06-25T12:42:27.315Z,2026-06-25T12:42:27.464Z,,,2
NMSU-1782391323884-WZP9N2,NMSU,3,Choice 2 of 3,session-3-ranking,confirm_modal_yes_click,confirm-choice-yes,Confirm purchase intention,session-3-condition-3.3-red-2-5,red-2,2,3.3,,21,USD,lb,5,852,401,1600,731,2026-06-25T12:42:19.942Z,2026-06-25T12:42:27.315Z,2026-06-25T12:42:27.464Z,,,2
NMSU-1782391323884-WZP9N2,NMSU,3,Choice 2 of 3,session-3-ranking,product_card_click,session-3-condition-3.3-green-1-20,Beef steak - Traditional,session-3-condition-3.3-green-1-20,green-1,3,3.3,,24,USD,lb,20,316,414,1600,731,2026-06-25T12:42:20.437Z,2026-06-25T12:42:27.315Z,2026-06-25T12:42:27.464Z,,,2
NMSU-1782391323884-WZP9N2,NMSU,3,Choice 2 of 3,session-3-ranking,confirm_modal_yes_click,confirm-choice-yes,Confirm purchase intention,session-3-condition-3.3-green-1-20,green-1,3,3.3,,24,USD,lb,20,868,430,1600,731,2026-06-25T12:42:21.300Z,2026-06-25T12:42:27.315Z,2026-06-25T12:42:27.464Z,,,2
NMSU-1782391323884-WZP9N2,NMSU,3,Choice 2 of 3,session-3-ranking,ranking_complete_click,ranking-complete,Confirm full ranking,,,complete,3.3,,,,,,1255,659,1600,731,2026-06-25T12:42:21.923Z,2026-06-25T12:42:27.315Z,2026-06-25T12:42:27.464Z,,,2
NMSU-1782391323884-WZP9N2,NMSU,3,Choice 3 of 3,session-3-ranking,product_card_click,session-3-condition-3.1-red-2-10,Beef steak - Animal welfare,session-3-condition-3.1-red-2-10,red-2,1,3.1,,22,USD,lb,10,446,452,1600,731,2026-06-25T12:42:24.030Z,2026-06-25T12:42:27.315Z,2026-06-25T12:42:27.464Z,,,3
NMSU-1782391323884-WZP9N2,NMSU,3,Choice 3 of 3,session-3-ranking,confirm_modal_yes_click,confirm-choice-yes,Confirm purchase intention,session-3-condition-3.1-red-2-10,red-2,1,3.1,,22,USD,lb,10,870,418,1600,731,2026-06-25T12:42:24.607Z,2026-06-25T12:42:27.315Z,2026-06-25T12:42:27.464Z,,,3
NMSU-1782391323884-WZP9N2,NMSU,3,Choice 3 of 3,session-3-ranking,product_card_click,session-3-condition-3.1-green-1-5,Beef steak - Traditional,session-3-condition-3.1-green-1-5,green-1,2,3.1,,21,USD,lb,5,457,384,1600,731,2026-06-25T12:42:24.968Z,2026-06-25T12:42:27.315Z,2026-06-25T12:42:27.464Z,,,3
NMSU-1782391323884-WZP9N2,NMSU,3,Choice 3 of 3,session-3-ranking,confirm_modal_yes_click,confirm-choice-yes,Confirm purchase intention,session-3-condition-3.1-green-1-5,green-1,2,3.1,,21,USD,lb,5,889,395,1600,731,2026-06-25T12:42:25.470Z,2026-06-25T12:42:27.315Z,2026-06-25T12:42:27.464Z,,,3
NMSU-1782391323884-WZP9N2,NMSU,3,Choice 3 of 3,session-3-ranking,product_card_click,session-3-condition-3.1-red-1-20,Beef steak - Angus,session-3-condition-3.1-red-1-20,red-1,3,3.1,,24,USD,lb,20,397,385,1600,731,2026-06-25T12:42:25.838Z,2026-06-25T12:42:27.315Z,2026-06-25T12:42:27.464Z,,,3
NMSU-1782391323884-WZP9N2,NMSU,3,Choice 3 of 3,session-3-ranking,confirm_modal_yes_click,confirm-choice-yes,Confirm purchase intention,session-3-condition-3.1-red-1-20,red-1,3,3.1,,24,USD,lb,20,919,446,1600,731,2026-06-25T12:42:26.671Z,2026-06-25T12:42:27.315Z,2026-06-25T12:42:27.464Z,,,3
NMSU-1782391323884-WZP9N2,NMSU,3,Choice 3 of 3,session-3-ranking,ranking_complete_click,ranking-complete,Confirm full ranking,,,complete,3.1,,,,,,1163,673,1600,731,2026-06-25T12:42:27.314Z,2026-06-25T12:42:27.315Z,2026-06-25T12:42:27.464Z,,,3
PUCPR-1784294263452-I08REI,PUCPR,1,,session-1-ranking,product_card_click,option-5,Picanha bovina - Orgânica,option-5,green-3,1,,,,,,,,,601,832,2026-07-17T15:52:20.548Z,2026-07-17T16:00:47.794Z,2026-07-17T16:00:49.736Z,,,
PUCPR-1784294263452-I08REI,PUCPR,1,,session-1-ranking,confirm_modal_yes_click,confirm-choice-yes,Confirm purchase intention,option-5,green-3,1,,,,,,,376,478,601,832,2026-07-17T15:52:21.074Z,2026-07-17T16:00:47.794Z,2026-07-17T16:00:49.736Z,,,
PUCPR-1784294263452-I08REI,PUCPR,1,,session-1-ranking,product_card_click,option-4,Picanha bovina - Cultivada,option-4,green-2,2,,,,,,,,,601,832,2026-07-17T15:52:23.293Z,2026-07-17T16:00:47.794Z,2026-07-17T16:00:49.736Z,,,
PUCPR-1784294263452-I08REI,PUCPR,1,,session-1-ranking,confirm_modal_yes_click,confirm-choice-yes,Confirm purchase intention,option-4,green-2,2,,,,,,,371,459,601,832,2026-07-17T15:52:23.790Z,2026-07-17T16:00:47.794Z,2026-07-17T16:00:49.736Z,,,
PUCPR-1784294263452-I08REI,PUCPR,1,,session-1-ranking,product_card_click,option-1,Picanha bovina - Angus,option-1,red-1,3,,,,,,,,,601,832,2026-07-17T15:52:24.269Z,2026-07-17T16:00:47.794Z,2026-07-17T16:00:49.736Z,,,
PUCPR-1784294263452-I08REI,PUCPR,1,,session-1-ranking,confirm_modal_yes_click,confirm-choice-yes,Confirm purchase intention,option-1,red-1,3,,,,,,,384,500,601,832,2026-07-17T15:52:24.803Z,2026-07-17T16:00:47.794Z,2026-07-17T16:00:49.736Z,,,
PUCPR-1784294263452-I08REI,PUCPR,1,,session-1-ranking,product_card_click,option-2,Picanha bovina - Bem-estar animal,option-2,red-2,4,,,,,,,186,561,601,832,2026-07-17T15:52:25.258Z,2026-07-17T16:00:47.794Z,2026-07-17T16:00:49.736Z,,,
PUCPR-1784294263452-I08REI,PUCPR,1,,session-1-ranking,confirm_modal_yes_click,confirm-choice-yes,Confirm purchase intention,option-2,red-2,4,,,,,,,395,469,601,832,2026-07-17T15:52:25.747Z,2026-07-17T16:00:47.794Z,2026-07-17T16:00:49.736Z,,,
PUCPR-1784294263452-I08REI,PUCPR,1,,session-1-ranking,product_card_click,option-3,Picanha bovina - Comum,option-3,green-1,5,,,,,,,185,510,601,832,2026-07-17T15:52:26.115Z,2026-07-17T16:00:47.794Z,2026-07-17T16:00:49.736Z,,,
PUCPR-1784294263452-I08REI,PUCPR,1,,session-1-ranking,confirm_modal_no_click,confirm-choice-no,Go back before confirming purchase intention,option-3,green-1,5,,,,,,,289,487,601,832,2026-07-17T15:52:26.459Z,2026-07-17T16:00:47.794Z,2026-07-17T16:00:49.736Z,,,
PUCPR-1784294263452-I08REI,PUCPR,1,,session-1-ranking,product_card_click,option-3,Picanha bovina - Comum,option-3,green-1,5,,,,,,,239,488,601,832,2026-07-17T15:52:26.983Z,2026-07-17T16:00:47.794Z,2026-07-17T16:00:49.736Z,,,
PUCPR-1784294263452-I08REI,PUCPR,1,,session-1-ranking,confirm_modal_yes_click,confirm-choice-yes,Confirm purchase intention,option-3,green-1,5,,,,,,,374,482,601,832,2026-07-17T15:52:27.368Z,2026-07-17T16:00:47.794Z,2026-07-17T16:00:49.736Z,,,
PUCPR-1784294263452-I08REI,PUCPR,1,,session-1-ranking,selected_ranking_reorder_drag,option-3,Picanha bovina - Comum,option-3,green-1,4,,,,,,,258,492,601,832,2026-07-17T15:52:33.259Z,2026-07-17T16:00:47.794Z,2026-07-17T16:00:49.736Z,5,4,
PUCPR-1784294263452-I08REI,PUCPR,1,,session-1-ranking,selected_ranking_reorder_drag,option-3,Picanha bovina - Comum,option-3,green-1,4,,,,,,,258,492,601,832,2026-07-17T15:52:33.259Z,2026-07-17T16:00:47.794Z,2026-07-17T16:00:49.736Z,5,4,
PUCPR-1784294263452-I08REI,PUCPR,1,,session-1-ranking,selected_ranking_reorder_drag,option-3,Picanha bovina - Comum,option-3,green-1,3,,,,,,,268,371,601,832,2026-07-17T15:52:33.303Z,2026-07-17T16:00:47.794Z,2026-07-17T16:00:49.736Z,4,3,
PUCPR-1784294263452-I08REI,PUCPR,1,,session-1-ranking,selected_ranking_reorder_drag,option-3,Picanha bovina - Comum,option-3,green-1,3,,,,,,,268,371,601,832,2026-07-17T15:52:33.303Z,2026-07-17T16:00:47.794Z,2026-07-17T16:00:49.736Z,4,3,
PUCPR-1784294263452-I08REI,PUCPR,1,,session-1-ranking,selected_ranking_reorder_drag,option-3,Picanha bovina - Comum,option-3,green-1,4,,,,,,,269,352,601,832,2026-07-17T15:52:33.303Z,2026-07-17T16:00:47.794Z,2026-07-17T16:00:49.736Z,3,4,
PUCPR-1784294263452-I08REI,PUCPR,1,,session-1-ranking,selected_ranking_reorder_drag,option-3,Picanha bovina - Comum,option-3,green-1,4,,,,,,,269,352,601,832,2026-07-17T15:52:33.303Z,2026-07-17T16:00:47.794Z,2026-07-17T16:00:49.736Z,3,4,
PUCPR-1784294263452-I08REI,PUCPR,1,,session-1-ranking,selected_ranking_reorder_drag,option-3,Picanha bovina - Comum,option-3,green-1,2,,,,,,,275,312,601,832,2026-07-17T15:52:33.325Z,2026-07-17T16:00:47.794Z,2026-07-17T16:00:49.736Z,4,2,
PUCPR-1784294263452-I08REI,PUCPR,1,,session-1-ranking,selected_ranking_reorder_drag,option-3,Picanha bovina - Comum,option-3,green-1,2,,,,,,,275,312,601,832,2026-07-17T15:52:33.325Z,2026-07-17T16:00:47.794Z,2026-07-17T16:00:49.736Z,4,2,
PUCPR-1784294263452-I08REI,PUCPR,1,,session-1-ranking,selected_ranking_reorder_drag,option-3,Picanha bovina - Comum,option-3,green-1,1,,,,,,,283,229,601,832,2026-07-17T15:52:33.441Z,2026-07-17T16:00:47.794Z,2026-07-17T16:00:49.736Z,2,1,
PUCPR-1784294263452-I08REI,PUCPR,1,,session-1-ranking,selected_ranking_reorder_drag,option-3,Picanha bovina - Comum,option-3,green-1,1,,,,,,,283,229,601,832,2026-07-17T15:52:33.441Z,2026-07-17T16:00:47.794Z,2026-07-17T16:00:49.736Z,2,1,
PUCPR-1784294263452-I08REI,PUCPR,1,,session-1-ranking,selected_ranking_reorder_drag,option-4,Picanha bovina - Cultivada,option-4,green-2,2,,,,,,,264,323,601,832,2026-07-17T15:52:35.826Z,2026-07-17T16:00:47.794Z,2026-07-17T16:00:49.736Z,3,2,
PUCPR-1784294263452-I08REI,PUCPR,1,,session-1-ranking,selected_ranking_reorder_drag,option-4,Picanha bovina - Cultivada,option-4,green-2,2,,,,,,,264,323,601,832,2026-07-17T15:52:35.826Z,2026-07-17T16:00:47.794Z,2026-07-17T16:00:49.736Z,3,2,
PUCPR-1784294263452-I08REI,PUCPR,1,,session-1-ranking,selected_ranking_reorder_drag,option-2,Picanha bovina - Bem-estar animal,option-2,red-2,4,,,,,,,253,507,601,832,2026-07-17T15:52:37.233Z,2026-07-17T16:00:47.794Z,2026-07-17T16:00:49.736Z,5,4,
PUCPR-1784294263452-I08REI,PUCPR,1,,session-1-ranking,selected_ranking_reorder_drag,option-2,Picanha bovina - Bem-estar animal,option-2,red-2,4,,,,,,,253,507,601,832,2026-07-17T15:52:37.233Z,2026-07-17T16:00:47.794Z,2026-07-17T16:00:49.736Z,5,4,
PUCPR-1784294263452-I08REI,PUCPR,1,,session-1-ranking,selected_ranking_reorder_drag,option-2,Picanha bovina - Bem-estar animal,option-2,red-2,3,,,,,,,270,416,601,832,2026-07-17T15:52:37.331Z,2026-07-17T16:00:47.794Z,2026-07-17T16:00:49.736Z,4,3,
PUCPR-1784294263452-I08REI,PUCPR,1,,session-1-ranking,selected_ranking_reorder_drag,option-2,Picanha bovina - Bem-estar animal,option-2,red-2,3,,,,,,,270,416,601,832,2026-07-17T15:52:37.331Z,2026-07-17T16:00:47.794Z,2026-07-17T16:00:49.736Z,4,3,
PUCPR-1784294263452-I08REI,PUCPR,1,,session-1-ranking,ranking_complete_click,ranking-complete,Confirm full ranking,,,complete,,,,,,,275,639,601,832,2026-07-17T15:52:39.171Z,2026-07-17T16:00:47.794Z,2026-07-17T16:00:49.736Z,,,
UFBA-1784294105225-LLTE3I,UFBA,1,,session-1-ranking,product_card_click,option-3,Picanha bovina - Comum,option-3,green-1,1,,,,,,,,,820,1094,2026-07-17T15:43:49.457Z,2026-07-17T16:00:57.222Z,2026-07-17T16:00:57.386Z,,,
UFBA-1784294105225-LLTE3I,UFBA,1,,session-1-ranking,confirm_modal_yes_click,confirm-choice-yes,Confirm purchase intention,option-3,green-1,1,,,,,,,495,615,820,1094,2026-07-17T15:44:30.982Z,2026-07-17T16:00:57.222Z,2026-07-17T16:00:57.386Z,,,
UFBA-1784294105225-LLTE3I,UFBA,1,,session-1-ranking,product_card_click,option-4,Picanha bovina - Cultivada,option-4,green-2,2,,,,,,,,,820,1094,2026-07-17T15:44:31.815Z,2026-07-17T16:00:57.222Z,2026-07-17T16:00:57.386Z,,,
UFBA-1784294105225-LLTE3I,UFBA,1,,session-1-ranking,confirm_modal_yes_click,confirm-choice-yes,Confirm purchase intention,option-4,green-2,2,,,,,,,556,601,820,1094,2026-07-17T15:44:32.514Z,2026-07-17T16:00:57.222Z,2026-07-17T16:00:57.386Z,,,
UFBA-1784294105225-LLTE3I,UFBA,1,,session-1-ranking,product_card_click,option-2,Picanha bovina - Bem-estar animal,option-2,red-2,3,,,,,,,,,820,1094,2026-07-17T15:44:33.232Z,2026-07-17T16:00:57.222Z,2026-07-17T16:00:57.386Z,,,
UFBA-1784294105225-LLTE3I,UFBA,1,,session-1-ranking,confirm_modal_yes_click,confirm-choice-yes,Confirm purchase intention,option-2,red-2,3,,,,,,,506,625,820,1094,2026-07-17T15:44:34.215Z,2026-07-17T16:00:57.222Z,2026-07-17T16:00:57.386Z,,,
UFBA-1784294105225-LLTE3I,UFBA,1,,session-1-ranking,product_card_click,option-5,Picanha bovina - Orgânica,option-5,green-3,4,,,,,,,,,820,1094,2026-07-17T15:44:34.769Z,2026-07-17T16:00:57.222Z,2026-07-17T16:00:57.386Z,,,
UFBA-1784294105225-LLTE3I,UFBA,1,,session-1-ranking,confirm_modal_yes_click,confirm-choice-yes,Confirm purchase intention,option-5,green-3,4,,,,,,,495,609,820,1094,2026-07-17T15:44:35.564Z,2026-07-17T16:00:57.222Z,2026-07-17T16:00:57.386Z,,,
UFBA-1784294105225-LLTE3I,UFBA,1,,session-1-ranking,product_card_click,option-1,Picanha bovina - Angus,option-1,red-1,5,,,,,,,,,820,1094,2026-07-17T15:44:36.480Z,2026-07-17T16:00:57.222Z,2026-07-17T16:00:57.386Z,,,
UFBA-1784294105225-LLTE3I,UFBA,1,,session-1-ranking,confirm_modal_yes_click,confirm-choice-yes,Confirm purchase intention,option-1,red-1,5,,,,,,,523,620,820,1094,2026-07-17T15:44:41.122Z,2026-07-17T16:00:57.222Z,2026-07-17T16:00:57.386Z,,,
UFBA-1784294105225-LLTE3I,UFBA,1,,session-1-ranking,ranking_complete_click,ranking-complete,Confirm full ranking,,,complete,,,,,,,448,640,820,1094,2026-07-17T15:44:43.311Z,2026-07-17T16:00:57.222Z,2026-07-17T16:00:57.386Z,,,
PUCPR-1784304827163-TKIT9F,PUCPR,1,,session-1-ranking,product_card_click,option-3,Picanha bovina - Comum,option-3,green-1,1,,,,,,,,,601,832,2026-07-17T16:13:54.341Z,2026-07-17T16:14:29.125Z,2026-07-17T16:14:29.572Z,,,
PUCPR-1784304827163-TKIT9F,PUCPR,1,,session-1-ranking,confirm_modal_no_click,confirm-choice-no,Go back before confirming purchase intention,option-3,green-1,1,,,,,,,249,473,601,832,2026-07-17T16:13:57.167Z,2026-07-17T16:14:29.125Z,2026-07-17T16:14:29.572Z,,,
PUCPR-1784304827163-TKIT9F,PUCPR,1,,session-1-ranking,product_card_click,option-3,Picanha bovina - Comum,option-3,green-1,1,,,,,,,,,601,832,2026-07-17T16:13:59.448Z,2026-07-17T16:14:29.125Z,2026-07-17T16:14:29.572Z,,,
PUCPR-1784304827163-TKIT9F,PUCPR,1,,session-1-ranking,confirm_modal_yes_click,confirm-choice-yes,Confirm purchase intention,option-3,green-1,1,,,,,,,401,477,601,832,2026-07-17T16:14:00.168Z,2026-07-17T16:14:29.125Z,2026-07-17T16:14:29.572Z,,,
PUCPR-1784304827163-TKIT9F,PUCPR,1,,session-1-ranking,product_card_click,option-4,Picanha bovina - Cultivada,option-4,green-2,2,,,,,,,,,601,832,2026-07-17T16:14:00.783Z,2026-07-17T16:14:29.125Z,2026-07-17T16:14:29.572Z,,,
PUCPR-1784304827163-TKIT9F,PUCPR,1,,session-1-ranking,confirm_modal_yes_click,confirm-choice-yes,Confirm purchase intention,option-4,green-2,2,,,,,,,392,491,601,832,2026-07-17T16:14:01.270Z,2026-07-17T16:14:29.125Z,2026-07-17T16:14:29.572Z,,,
PUCPR-1784304827163-TKIT9F,PUCPR,1,,session-1-ranking,product_card_click,option-5,Picanha bovina - Orgânica,option-5,green-3,3,,,,,,,,,601,832,2026-07-17T16:14:01.601Z,2026-07-17T16:14:29.125Z,2026-07-17T16:14:29.572Z,,,
PUCPR-1784304827163-TKIT9F,PUCPR,1,,session-1-ranking,confirm_modal_yes_click,confirm-choice-yes,Confirm purchase intention,option-5,green-3,3,,,,,,,385,497,601,832,2026-07-17T16:14:02.006Z,2026-07-17T16:14:29.125Z,2026-07-17T16:14:29.572Z,,,
PUCPR-1784304827163-TKIT9F,PUCPR,1,,session-1-ranking,product_card_click,option-1,Picanha bovina - Angus,option-1,red-1,4,,,,,,,137,555,601,832,2026-07-17T16:14:02.371Z,2026-07-17T16:14:29.125Z,2026-07-17T16:14:29.572Z,,,
PUCPR-1784304827163-TKIT9F,PUCPR,1,,session-1-ranking,confirm_modal_yes_click,confirm-choice-yes,Confirm purchase intention,option-1,red-1,4,,,,,,,388,474,601,832,2026-07-17T16:14:02.817Z,2026-07-17T16:14:29.125Z,2026-07-17T16:14:29.572Z,,,
PUCPR-1784304827163-TKIT9F,PUCPR,1,,session-1-ranking,product_card_click,option-2,Picanha bovina - Bem-estar animal,option-2,red-2,5,,,,,,,169,581,601,832,2026-07-17T16:14:03.175Z,2026-07-17T16:14:29.125Z,2026-07-17T16:14:29.572Z,,,
PUCPR-1784304827163-TKIT9F,PUCPR,1,,session-1-ranking,confirm_modal_yes_click,confirm-choice-yes,Confirm purchase intention,option-2,red-2,5,,,,,,,420,486,601,832,2026-07-17T16:14:03.678Z,2026-07-17T16:14:29.125Z,2026-07-17T16:14:29.572Z,,,
PUCPR-1784304827163-TKIT9F,PUCPR,1,,session-1-ranking,ranking_complete_click,ranking-complete,Confirm full ranking,,,complete,,,,,,,326,641,601,832,2026-07-17T16:14:05.057Z,2026-07-17T16:14:29.125Z,2026-07-17T16:14:29.572Z,,,
UFBA-1784294105225-LLTE3I,UFBA,1,,session-1-ranking,product_card_click,option-3,Picanha bovina - Comum,option-3,green-1,1,,,,,,,,,820,1094,2026-07-17T16:15:32.613Z,2026-07-17T16:16:09.265Z,2026-07-17T16:16:09.413Z,,,
UFBA-1784294105225-LLTE3I,UFBA,1,,session-1-ranking,confirm_modal_no_click,confirm-choice-no,Go back before confirming purchase intention,option-3,green-1,1,,,,,,,367,605,820,1094,2026-07-17T16:15:35.327Z,2026-07-17T16:16:09.265Z,2026-07-17T16:16:09.413Z,,,
UFBA-1784294105225-LLTE3I,UFBA,1,,session-1-ranking,product_card_click,option-3,Picanha bovina - Comum,option-3,green-1,1,,,,,,,,,820,1094,2026-07-17T16:15:40.854Z,2026-07-17T16:16:09.265Z,2026-07-17T16:16:09.413Z,,,
UFBA-1784294105225-LLTE3I,UFBA,1,,session-1-ranking,confirm_modal_yes_click,confirm-choice-yes,Confirm purchase intention,option-3,green-1,1,,,,,,,496,616,820,1094,2026-07-17T16:15:41.456Z,2026-07-17T16:16:09.265Z,2026-07-17T16:16:09.413Z,,,
UFBA-1784294105225-LLTE3I,UFBA,1,,session-1-ranking,product_card_click,option-4,Picanha bovina - Cultivada,option-4,green-2,2,,,,,,,,,820,1094,2026-07-17T16:15:41.995Z,2026-07-17T16:16:09.265Z,2026-07-17T16:16:09.413Z,,,
UFBA-1784294105225-LLTE3I,UFBA,1,,session-1-ranking,confirm_modal_yes_click,confirm-choice-yes,Confirm purchase intention,option-4,green-2,2,,,,,,,521,591,820,1094,2026-07-17T16:15:42.573Z,2026-07-17T16:16:09.265Z,2026-07-17T16:16:09.413Z,,,
UFBA-1784294105225-LLTE3I,UFBA,1,,session-1-ranking,product_card_click,option-2,Picanha bovina - Bem-estar animal,option-2,red-2,3,,,,,,,,,820,1094,2026-07-17T16:15:43.082Z,2026-07-17T16:16:09.265Z,2026-07-17T16:16:09.413Z,,,
UFBA-1784294105225-LLTE3I,UFBA,1,,session-1-ranking,confirm_modal_yes_click,confirm-choice-yes,Confirm purchase intention,option-2,red-2,3,,,,,,,550,607,820,1094,2026-07-17T16:15:43.615Z,2026-07-17T16:16:09.265Z,2026-07-17T16:16:09.413Z,,,
UFBA-1784294105225-LLTE3I,UFBA,1,,session-1-ranking,product_card_click,option-5,Picanha bovina - Orgânica,option-5,green-3,4,,,,,,,266,601,820,1094,2026-07-17T16:15:44.035Z,2026-07-17T16:16:09.265Z,2026-07-17T16:16:09.413Z,,,
UFBA-1784294105225-LLTE3I,UFBA,1,,session-1-ranking,confirm_modal_yes_click,confirm-choice-yes,Confirm purchase intention,option-5,green-3,4,,,,,,,512,624,820,1094,2026-07-17T16:15:45.295Z,2026-07-17T16:16:09.265Z,2026-07-17T16:16:09.413Z,,,
UFBA-1784294105225-LLTE3I,UFBA,1,,session-1-ranking,product_card_click,option-1,Picanha bovina - Angus,option-1,red-1,5,,,,,,,238,656,820,1094,2026-07-17T16:15:45.857Z,2026-07-17T16:16:09.265Z,2026-07-17T16:16:09.413Z,,,
UFBA-1784294105225-LLTE3I,UFBA,1,,session-1-ranking,confirm_modal_yes_click,confirm-choice-yes,Confirm purchase intention,option-1,red-1,5,,,,,,,518,595,820,1094,2026-07-17T16:15:46.623Z,2026-07-17T16:16:09.265Z,2026-07-17T16:16:09.413Z,,,
UFBA-1784294105225-LLTE3I,UFBA,1,,session-1-ranking,ranking_complete_click,ranking-complete,Confirm full ranking,,,complete,,,,,,,439,801,820,1094,2026-07-17T16:16:02.926Z,2026-07-17T16:16:09.265Z,2026-07-17T16:16:09.413Z,,,
UFBA-1784294105225-LLTE3I,UFBA,1,,session-1-ranking,product_card_click,option-3,Picanha bovina - Comum,option-3,green-1,1,,,,,,,,,820,1094,2026-07-17T16:22:24.295Z,2026-07-17T16:22:30.152Z,2026-07-17T16:22:30.282Z,,,
UFBA-1784294105225-LLTE3I,UFBA,1,,session-1-ranking,confirm_modal_yes_click,confirm-choice-yes,Confirm purchase intention,option-3,green-1,1,,,,,,,463,585,820,1094,2026-07-17T16:22:24.898Z,2026-07-17T16:22:30.152Z,2026-07-17T16:22:30.282Z,,,
UFBA-1784294105225-LLTE3I,UFBA,1,,session-1-ranking,product_card_click,option-4,Picanha bovina - Cultivada,option-4,green-2,2,,,,,,,,,820,1094,2026-07-17T16:22:25.323Z,2026-07-17T16:22:30.152Z,2026-07-17T16:22:30.282Z,,,
UFBA-1784294105225-LLTE3I,UFBA,1,,session-1-ranking,confirm_modal_yes_click,confirm-choice-yes,Confirm purchase intention,option-4,green-2,2,,,,,,,512,577,820,1094,2026-07-17T16:22:25.750Z,2026-07-17T16:22:30.152Z,2026-07-17T16:22:30.282Z,,,
UFBA-1784294105225-LLTE3I,UFBA,1,,session-1-ranking,product_card_click,option-2,Picanha bovina - Bem-estar animal,option-2,red-2,3,,,,,,,,,820,1094,2026-07-17T16:22:26.214Z,2026-07-17T16:22:30.152Z,2026-07-17T16:22:30.282Z,,,
UFBA-1784294105225-LLTE3I,UFBA,1,,session-1-ranking,confirm_modal_yes_click,confirm-choice-yes,Confirm purchase intention,option-2,red-2,3,,,,,,,491,591,820,1094,2026-07-17T16:22:26.628Z,2026-07-17T16:22:30.152Z,2026-07-17T16:22:30.282Z,,,
UFBA-1784294105225-LLTE3I,UFBA,1,,session-1-ranking,product_card_click,option-5,Picanha bovina - Orgânica,option-5,green-3,4,,,,,,,309,564,820,1094,2026-07-17T16:22:26.883Z,2026-07-17T16:22:30.152Z,2026-07-17T16:22:30.282Z,,,
UFBA-1784294105225-LLTE3I,UFBA,1,,session-1-ranking,confirm_modal_yes_click,confirm-choice-yes,Confirm purchase intention,option-5,green-3,4,,,,,,,519,626,820,1094,2026-07-17T16:22:27.422Z,2026-07-17T16:22:30.152Z,2026-07-17T16:22:30.282Z,,,
UFBA-1784294105225-LLTE3I,UFBA,1,,session-1-ranking,product_card_click,option-1,Picanha bovina - Angus,option-1,red-1,5,,,,,,,330,601,820,1094,2026-07-17T16:22:27.804Z,2026-07-17T16:22:30.152Z,2026-07-17T16:22:30.282Z,,,
UFBA-1784294105225-LLTE3I,UFBA,1,,session-1-ranking,confirm_modal_yes_click,confirm-choice-yes,Confirm purchase intention,option-1,red-1,5,,,,,,,433,601,820,1094,2026-07-17T16:22:28.112Z,2026-07-17T16:22:30.152Z,2026-07-17T16:22:30.282Z,,,
UFBA-1784294105225-LLTE3I,UFBA,1,,session-1-ranking,ranking_complete_click,ranking-complete,Confirm full ranking,,,complete,,,,,,,400,789,820,1094,2026-07-17T16:22:28.907Z,2026-07-17T16:22:30.152Z,2026-07-17T16:22:30.282Z,,,
UFBA-1784294105225-LLTE3I,UFBA,1,,session-1-ranking,product_card_click,option-3,Picanha bovina - Comum,option-3,green-1,1,,,,,,,,,820,1094,2026-07-17T16:24:41.747Z,2026-07-17T16:24:50.672Z,2026-07-17T16:24:51.046Z,,,
UFBA-1784294105225-LLTE3I,UFBA,1,,session-1-ranking,confirm_modal_yes_click,confirm-choice-yes,Confirm purchase intention,option-3,green-1,1,,,,,,,516,607,820,1094,2026-07-17T16:24:42.296Z,2026-07-17T16:24:50.672Z,2026-07-17T16:24:51.046Z,,,
UFBA-1784294105225-LLTE3I,UFBA,1,,session-1-ranking,product_card_click,option-4,Picanha bovina - Cultivada,option-4,green-2,2,,,,,,,,,820,1094,2026-07-17T16:24:42.728Z,2026-07-17T16:24:50.672Z,2026-07-17T16:24:51.046Z,,,
UFBA-1784294105225-LLTE3I,UFBA,1,,session-1-ranking,confirm_modal_yes_click,confirm-choice-yes,Confirm purchase intention,option-4,green-2,2,,,,,,,530,598,820,1094,2026-07-17T16:24:43.271Z,2026-07-17T16:24:50.672Z,2026-07-17T16:24:51.046Z,,,
UFBA-1784294105225-LLTE3I,UFBA,1,,session-1-ranking,product_card_click,option-2,Picanha bovina - Bem-estar animal,option-2,red-2,3,,,,,,,,,820,1094,2026-07-17T16:24:43.861Z,2026-07-17T16:24:50.672Z,2026-07-17T16:24:51.046Z,,,
UFBA-1784294105225-LLTE3I,UFBA,1,,session-1-ranking,confirm_modal_yes_click,confirm-choice-yes,Confirm purchase intention,option-2,red-2,3,,,,,,,510,615,820,1094,2026-07-17T16:24:44.456Z,2026-07-17T16:24:50.672Z,2026-07-17T16:24:51.046Z,,,
UFBA-1784294105225-LLTE3I,UFBA,1,,session-1-ranking,product_card_click,option-5,Picanha bovina - Orgânica,option-5,green-3,4,,,,,,,,,820,1094,2026-07-17T16:24:45.556Z,2026-07-17T16:24:50.672Z,2026-07-17T16:24:51.046Z,,,
UFBA-1784294105225-LLTE3I,UFBA,1,,session-1-ranking,confirm_modal_yes_click,confirm-choice-yes,Confirm purchase intention,option-5,green-3,4,,,,,,,519,613,820,1094,2026-07-17T16:24:46.248Z,2026-07-17T16:24:50.672Z,2026-07-17T16:24:51.046Z,,,
UFBA-1784294105225-LLTE3I,UFBA,1,,session-1-ranking,product_card_click,option-1,Picanha bovina - Angus,option-1,red-1,5,,,,,,,,,820,1094,2026-07-17T16:24:47.109Z,2026-07-17T16:24:50.672Z,2026-07-17T16:24:51.046Z,,,
UFBA-1784294105225-LLTE3I,UFBA,1,,session-1-ranking,confirm_modal_yes_click,confirm-choice-yes,Confirm purchase intention,option-1,red-1,5,,,,,,,545,611,820,1094,2026-07-17T16:24:47.978Z,2026-07-17T16:24:50.672Z,2026-07-17T16:24:51.046Z,,,
UFBA-1784294105225-LLTE3I,UFBA,1,,session-1-ranking,ranking_complete_click,ranking-complete,Confirm full ranking,,,complete,,,,,,,415,794,820,1094,2026-07-17T16:24:48.856Z,2026-07-17T16:24:50.672Z,2026-07-17T16:24:51.046Z,,,
PUCPR-1784304827163-TKIT9F,PUCPR,1,,session-1-ranking,product_card_click,option-3,Picanha bovina - Comum,option-3,green-1,1,,,,,,,,,601,832,2026-07-17T16:25:19.787Z,2026-07-17T16:25:28.121Z,2026-07-17T16:25:28.314Z,,,
PUCPR-1784304827163-TKIT9F,PUCPR,1,,session-1-ranking,confirm_modal_yes_click,confirm-choice-yes,Confirm purchase intention,option-3,green-1,1,,,,,,,415,457,601,832,2026-07-17T16:25:21.236Z,2026-07-17T16:25:28.121Z,2026-07-17T16:25:28.314Z,,,
PUCPR-1784304827163-TKIT9F,PUCPR,1,,session-1-ranking,product_card_click,option-4,Picanha bovina - Cultivada,option-4,green-2,2,,,,,,,,,601,832,2026-07-17T16:25:21.633Z,2026-07-17T16:25:28.121Z,2026-07-17T16:25:28.314Z,,,
PUCPR-1784304827163-TKIT9F,PUCPR,1,,session-1-ranking,confirm_modal_yes_click,confirm-choice-yes,Confirm purchase intention,option-4,green-2,2,,,,,,,406,457,601,832,2026-07-17T16:25:22.075Z,2026-07-17T16:25:28.121Z,2026-07-17T16:25:28.314Z,,,
PUCPR-1784304827163-TKIT9F,PUCPR,1,,session-1-ranking,product_card_click,option-5,Picanha bovina - Orgânica,option-5,green-3,3,,,,,,,,,601,832,2026-07-17T16:25:22.434Z,2026-07-17T16:25:28.121Z,2026-07-17T16:25:28.314Z,,,
PUCPR-1784304827163-TKIT9F,PUCPR,1,,session-1-ranking,confirm_modal_yes_click,confirm-choice-yes,Confirm purchase intention,option-5,green-3,3,,,,,,,419,453,601,832,2026-07-17T16:25:22.811Z,2026-07-17T16:25:28.121Z,2026-07-17T16:25:28.314Z,,,
PUCPR-1784304827163-TKIT9F,PUCPR,1,,session-1-ranking,product_card_click,option-1,Picanha bovina - Angus,option-1,red-1,4,,,,,,,238,538,601,832,2026-07-17T16:25:23.214Z,2026-07-17T16:25:28.121Z,2026-07-17T16:25:28.314Z,,,
PUCPR-1784304827163-TKIT9F,PUCPR,1,,session-1-ranking,confirm_modal_yes_click,confirm-choice-yes,Confirm purchase intention,option-1,red-1,4,,,,,,,405,455,601,832,2026-07-17T16:25:23.551Z,2026-07-17T16:25:28.121Z,2026-07-17T16:25:28.314Z,,,
PUCPR-1784304827163-TKIT9F,PUCPR,1,,session-1-ranking,product_card_click,option-2,Picanha bovina - Bem-estar animal,option-2,red-2,5,,,,,,,215,531,601,832,2026-07-17T16:25:23.927Z,2026-07-17T16:25:28.121Z,2026-07-17T16:25:28.314Z,,,
PUCPR-1784304827163-TKIT9F,PUCPR,1,,session-1-ranking,confirm_modal_yes_click,confirm-choice-yes,Confirm purchase intention,option-2,red-2,5,,,,,,,384,456,601,832,2026-07-17T16:25:24.287Z,2026-07-17T16:25:28.121Z,2026-07-17T16:25:28.314Z,,,
PUCPR-1784304827163-TKIT9F,PUCPR,1,,session-1-ranking,ranking_complete_click,ranking-complete,Confirm full ranking,,,complete,,,,,,,325,653,601,832,2026-07-17T16:25:26.531Z,2026-07-17T16:25:28.121Z,2026-07-17T16:25:28.314Z,,,
PUCPR-1784309552585-5PQNYY,PUCPR,2,,session-2-ranking,product_card_click,session-2-option-2,Picanha bovina - Bem-estar animal,session-2-option-2,red-2,1,,,,,,,119,358,601,832,2026-07-17T17:36:24.398Z,2026-07-17T17:38:02.648Z,2026-07-17T17:38:03.378Z,,,
PUCPR-1784309552585-5PQNYY,PUCPR,2,,session-2-ranking,confirm_modal_no_click,confirm-choice-no,Go back before confirming purchase intention,session-2-option-2,red-2,1,,,,,,,135,477,601,832,2026-07-17T17:36:26.085Z,2026-07-17T17:38:02.648Z,2026-07-17T17:38:03.378Z,,,
PUCPR-1784309552585-5PQNYY,PUCPR,2,,session-2-ranking,seal_image_click,seal-red-2,Bem-estar animal,session-2-option-2,red-2,1,,,,,,,,,601,832,2026-07-17T17:36:27.983Z,2026-07-17T17:38:02.648Z,2026-07-17T17:38:03.378Z,,,
PUCPR-1784309552585-5PQNYY,PUCPR,2,,session-2-ranking,seal_image_click,seal-red-2,Bem-estar animal,session-2-option-2,red-2,1,,,,,,,,,601,832,2026-07-17T17:36:29.811Z,2026-07-17T17:38:02.648Z,2026-07-17T17:38:03.378Z,,,
PUCPR-1784309552585-5PQNYY,PUCPR,2,,session-2-ranking,product_card_click,session-2-option-2,Picanha bovina - Bem-estar animal,session-2-option-2,red-2,1,,,,,,,135,415,601,832,2026-07-17T17:37:26.677Z,2026-07-17T17:38:02.648Z,2026-07-17T17:38:03.378Z,,,
PUCPR-1784309552585-5PQNYY,PUCPR,2,,session-2-ranking,confirm_modal_yes_click,confirm-choice-yes,Confirm purchase intention,session-2-option-2,red-2,1,,,,,,,350,474,601,832,2026-07-17T17:37:27.525Z,2026-07-17T17:38:02.648Z,2026-07-17T17:38:03.378Z,,,
PUCPR-1784309552585-5PQNYY,PUCPR,2,,session-2-ranking,product_card_click,session-2-option-1,Picanha bovina - Angus,session-2-option-1,red-1,2,,,,,,,170,418,601,832,2026-07-17T17:37:27.914Z,2026-07-17T17:38:02.648Z,2026-07-17T17:38:03.378Z,,,
PUCPR-1784309552585-5PQNYY,PUCPR,2,,session-2-ranking,confirm_modal_yes_click,confirm-choice-yes,Confirm purchase intention,session-2-option-1,red-1,2,,,,,,,335,482,601,832,2026-07-17T17:37:28.453Z,2026-07-17T17:38:02.648Z,2026-07-17T17:38:03.378Z,,,
PUCPR-1784309552585-5PQNYY,PUCPR,2,,session-2-ranking,product_card_click,session-2-option-5,Picanha bovina - Orgânica,session-2-option-5,green-3,3,,,,,,,201,455,601,832,2026-07-17T17:37:28.701Z,2026-07-17T17:38:02.648Z,2026-07-17T17:38:03.378Z,,,
PUCPR-1784309552585-5PQNYY,PUCPR,2,,session-2-ranking,confirm_modal_no_click,confirm-choice-no,Go back before confirming purchase intention,session-2-option-5,green-3,3,,,,,,,165,451,601,832,2026-07-17T17:37:29.774Z,2026-07-17T17:38:02.648Z,2026-07-17T17:38:03.378Z,,,
PUCPR-1784309552585-5PQNYY,PUCPR,2,,session-2-ranking,product_card_click,session-2-option-5,Picanha bovina - Orgânica,session-2-option-5,green-3,3,,,,,,,146,404,601,832,2026-07-17T17:37:30.886Z,2026-07-17T17:38:02.648Z,2026-07-17T17:38:03.378Z,,,
PUCPR-1784309552585-5PQNYY,PUCPR,2,,session-2-ranking,confirm_modal_yes_click,confirm-choice-yes,Confirm purchase intention,session-2-option-5,green-3,3,,,,,,,443,495,601,832,2026-07-17T17:37:31.372Z,2026-07-17T17:38:02.648Z,2026-07-17T17:38:03.378Z,,,
PUCPR-1784309552585-5PQNYY,PUCPR,2,,session-2-ranking,product_card_click,session-2-option-3,Picanha bovina - Comum,session-2-option-3,green-1,4,,,,,,,261,436,601,832,2026-07-17T17:37:31.791Z,2026-07-17T17:38:02.648Z,2026-07-17T17:38:03.378Z,,,
PUCPR-1784309552585-5PQNYY,PUCPR,2,,session-2-ranking,confirm_modal_yes_click,confirm-choice-yes,Confirm purchase intention,session-2-option-3,green-1,4,,,,,,,419,461,601,832,2026-07-17T17:37:32.258Z,2026-07-17T17:38:02.648Z,2026-07-17T17:38:03.378Z,,,
PUCPR-1784309552585-5PQNYY,PUCPR,2,,session-2-ranking,product_card_click,session-2-option-4,Picanha bovina - Cultivada,session-2-option-4,green-2,5,,,,,,,206,471,601,832,2026-07-17T17:37:32.638Z,2026-07-17T17:38:02.648Z,2026-07-17T17:38:03.378Z,,,
PUCPR-1784309552585-5PQNYY,PUCPR,2,,session-2-ranking,confirm_modal_yes_click,confirm-choice-yes,Confirm purchase intention,session-2-option-4,green-2,5,,,,,,,353,479,601,832,2026-07-17T17:37:33.142Z,2026-07-17T17:38:02.648Z,2026-07-17T17:38:03.378Z,,,
PUCPR-1784309552585-5PQNYY,PUCPR,2,,session-2-ranking,ranking_complete_click,ranking-complete,Confirm full ranking,,,complete,,,,,,,229,629,601,832,2026-07-17T17:37:56.482Z,2026-07-17T17:38:02.648Z,2026-07-17T17:38:03.378Z,,,
UFBA-1784294105225-LLTE3I,UFBA,2,,session-2-ranking,product_card_click,session-2-option-3,Picanha bovina - Comum,session-2-option-3,green-1,1,,,,,,,349,388,820,1094,2026-07-17T17:37:38.415Z,2026-07-17T17:38:15.676Z,2026-07-17T17:38:16.112Z,,,
UFBA-1784294105225-LLTE3I,UFBA,2,,session-2-ranking,confirm_modal_yes_click,confirm-choice-yes,Confirm purchase intention,session-2-option-3,green-1,1,,,,,,,480,602,820,1094,2026-07-17T17:37:39.113Z,2026-07-17T17:38:15.676Z,2026-07-17T17:38:16.112Z,,,
UFBA-1784294105225-LLTE3I,UFBA,2,,session-2-ranking,product_card_click,session-2-option-2,Picanha bovina - Bem-estar animal,session-2-option-2,red-2,2,,,,,,,334,368,820,1094,2026-07-17T17:37:39.453Z,2026-07-17T17:38:15.676Z,2026-07-17T17:38:16.112Z,,,
UFBA-1784294105225-LLTE3I,UFBA,2,,session-2-ranking,confirm_modal_yes_click,confirm-choice-yes,Confirm purchase intention,session-2-option-2,red-2,2,,,,,,,504,597,820,1094,2026-07-17T17:37:40.125Z,2026-07-17T17:38:15.676Z,2026-07-17T17:38:16.112Z,,,
UFBA-1784294105225-LLTE3I,UFBA,2,,session-2-ranking,product_card_click,session-2-option-1,Picanha bovina - Angus,session-2-option-1,red-1,3,,,,,,,288,440,820,1094,2026-07-17T17:37:40.425Z,2026-07-17T17:38:15.676Z,2026-07-17T17:38:16.112Z,,,
UFBA-1784294105225-LLTE3I,UFBA,2,,session-2-ranking,confirm_modal_yes_click,confirm-choice-yes,Confirm purchase intention,session-2-option-1,red-1,3,,,,,,,527,614,820,1094,2026-07-17T17:37:41.000Z,2026-07-17T17:38:15.676Z,2026-07-17T17:38:16.112Z,,,
UFBA-1784294105225-LLTE3I,UFBA,2,,session-2-ranking,product_card_click,session-2-option-4,Picanha bovina - Cultivada,session-2-option-4,green-2,4,,,,,,,238,435,820,1094,2026-07-17T17:37:41.314Z,2026-07-17T17:38:15.676Z,2026-07-17T17:38:16.112Z,,,
UFBA-1784294105225-LLTE3I,UFBA,2,,session-2-ranking,confirm_modal_yes_click,confirm-choice-yes,Confirm purchase intention,session-2-option-4,green-2,4,,,,,,,465,611,820,1094,2026-07-17T17:37:41.990Z,2026-07-17T17:38:15.676Z,2026-07-17T17:38:16.112Z,,,
UFBA-1784294105225-LLTE3I,UFBA,2,,session-2-ranking,product_card_click,session-2-option-5,Picanha bovina - Orgânica,session-2-option-5,green-3,5,,,,,,,299,538,820,1094,2026-07-17T17:37:42.899Z,2026-07-17T17:38:15.676Z,2026-07-17T17:38:16.112Z,,,
UFBA-1784294105225-LLTE3I,UFBA,2,,session-2-ranking,confirm_modal_yes_click,confirm-choice-yes,Confirm purchase intention,session-2-option-5,green-3,5,,,,,,,493,587,820,1094,2026-07-17T17:37:43.521Z,2026-07-17T17:38:15.676Z,2026-07-17T17:38:16.112Z,,,
UFBA-1784294105225-LLTE3I,UFBA,2,,session-2-ranking,ranking_complete_click,ranking-complete,Confirm full ranking,,,complete,,,,,,,449,803,820,1094,2026-07-17T17:37:52.735Z,2026-07-17T17:38:15.676Z,2026-07-17T17:38:16.112Z,,,
UFBA-1784294105225-LLTE3I,UFBA,3,Etapa 1 de 3,session-3-ranking,product_card_click,session-3-condition-3.1-green-2-5,Picanha bovina - Cultivada,session-3-condition-3.1-green-2-5,green-2,1,3.1,84,84,BRL,kg,5,,,820,1094,2026-07-17T18:05:28.866Z,2026-07-17T18:13:30.183Z,2026-07-17T18:13:30.808Z,,,1
UFBA-1784294105225-LLTE3I,UFBA,3,Etapa 1 de 3,session-3-ranking,confirm_modal_yes_click,confirm-choice-yes,Confirm purchase intention,session-3-condition-3.1-green-2-5,green-2,1,3.1,84,84,BRL,kg,5,560,629,820,1094,2026-07-17T18:05:30.726Z,2026-07-17T18:13:30.183Z,2026-07-17T18:13:30.808Z,,,1
UFBA-1784294105225-LLTE3I,UFBA,3,Etapa 1 de 3,session-3-ranking,product_card_click,session-3-condition-3.1-red-2-10,Picanha bovina - Bem-estar animal,session-3-condition-3.1-red-2-10,red-2,2,3.1,88,88,BRL,kg,10,285,620,820,1094,2026-07-17T18:05:31.414Z,2026-07-17T18:13:30.183Z,2026-07-17T18:13:30.808Z,,,1
UFBA-1784294105225-LLTE3I,UFBA,3,Etapa 1 de 3,session-3-ranking,confirm_modal_yes_click,confirm-choice-yes,Confirm purchase intention,session-3-condition-3.1-red-2-10,red-2,2,3.1,88,88,BRL,kg,10,523,611,820,1094,2026-07-17T18:05:31.967Z,2026-07-17T18:13:30.183Z,2026-07-17T18:13:30.808Z,,,1
UFBA-1784294105225-LLTE3I,UFBA,3,Etapa 1 de 3,session-3-ranking,product_card_click,session-3-condition-3.1-green-1-20,Picanha bovina - Comum,session-3-condition-3.1-green-1-20,green-1,3,3.1,96,96,BRL,kg,20,258,682,820,1094,2026-07-17T18:05:32.539Z,2026-07-17T18:13:30.183Z,2026-07-17T18:13:30.808Z,,,1
UFBA-1784294105225-LLTE3I,UFBA,3,Etapa 1 de 3,session-3-ranking,confirm_modal_yes_click,confirm-choice-yes,Confirm purchase intention,session-3-condition-3.1-green-1-20,green-1,3,3.1,96,96,BRL,kg,20,505,608,820,1094,2026-07-17T18:05:33.086Z,2026-07-17T18:13:30.183Z,2026-07-17T18:13:30.808Z,,,1
UFBA-1784294105225-LLTE3I,UFBA,3,Etapa 1 de 3,session-3-ranking,ranking_complete_click,ranking-complete,Confirm full ranking,,,complete,3.1,,,,,,466,710,820,1094,2026-07-17T18:05:35.766Z,2026-07-17T18:13:30.183Z,2026-07-17T18:13:30.808Z,,,1
UFBA-1784294105225-LLTE3I,UFBA,3,Etapa 2 de 3,session-3-ranking,product_card_click,session-3-condition-3.2-red-2-20,Picanha bovina - Bem-estar animal,session-3-condition-3.2-red-2-20,red-2,1,3.2,96,96,BRL,kg,20,,,820,1094,2026-07-17T18:13:16.961Z,2026-07-17T18:13:30.183Z,2026-07-17T18:13:30.808Z,,,2
UFBA-1784294105225-LLTE3I,UFBA,3,Etapa 2 de 3,session-3-ranking,confirm_modal_yes_click,confirm-choice-yes,Confirm purchase intention,session-3-condition-3.2-red-2-20,red-2,1,3.2,96,96,BRL,kg,20,489,605,820,1094,2026-07-17T18:13:17.779Z,2026-07-17T18:13:30.183Z,2026-07-17T18:13:30.808Z,,,2
UFBA-1784294105225-LLTE3I,UFBA,3,Etapa 2 de 3,session-3-ranking,product_card_click,session-3-condition-3.2-green-1-5,Picanha bovina - Comum,session-3-condition-3.2-green-1-5,green-1,2,3.2,84,84,BRL,kg,5,270,629,820,1094,2026-07-17T18:13:18.663Z,2026-07-17T18:13:30.183Z,2026-07-17T18:13:30.808Z,,,2
UFBA-1784294105225-LLTE3I,UFBA,3,Etapa 2 de 3,session-3-ranking,confirm_modal_yes_click,confirm-choice-yes,Confirm purchase intention,session-3-condition-3.2-green-1-5,green-1,2,3.2,84,84,BRL,kg,5,471,615,820,1094,2026-07-17T18:13:19.233Z,2026-07-17T18:13:30.183Z,2026-07-17T18:13:30.808Z,,,2
UFBA-1784294105225-LLTE3I,UFBA,3,Etapa 2 de 3,session-3-ranking,product_card_click,session-3-condition-3.2-green-2-10,Picanha bovina - Cultivada,session-3-condition-3.2-green-2-10,green-2,3,3.2,88,88,BRL,kg,10,249,652,820,1094,2026-07-17T18:13:19.714Z,2026-07-17T18:13:30.183Z,2026-07-17T18:13:30.808Z,,,2
UFBA-1784294105225-LLTE3I,UFBA,3,Etapa 2 de 3,session-3-ranking,confirm_modal_yes_click,confirm-choice-yes,Confirm purchase intention,session-3-condition-3.2-green-2-10,green-2,3,3.2,88,88,BRL,kg,10,478,599,820,1094,2026-07-17T18:13:20.297Z,2026-07-17T18:13:30.183Z,2026-07-17T18:13:30.808Z,,,2
UFBA-1784294105225-LLTE3I,UFBA,3,Etapa 2 de 3,session-3-ranking,ranking_complete_click,ranking-complete,Confirm full ranking,,,complete,3.2,,,,,,424,709,820,1094,2026-07-17T18:13:21.302Z,2026-07-17T18:13:30.183Z,2026-07-17T18:13:30.808Z,,,2
UFBA-1784294105225-LLTE3I,UFBA,3,Etapa 3 de 3,session-3-ranking,product_card_click,session-3-condition-3.3-green-1-10,Picanha bovina - Comum,session-3-condition-3.3-green-1-10,green-1,1,3.3,88,88,BRL,kg,10,,,820,1094,2026-07-17T18:13:26.299Z,2026-07-17T18:13:30.183Z,2026-07-17T18:13:30.808Z,,,3
UFBA-1784294105225-LLTE3I,UFBA,3,Etapa 3 de 3,session-3-ranking,confirm_modal_yes_click,confirm-choice-yes,Confirm purchase intention,session-3-condition-3.3-green-1-10,green-1,1,3.3,88,88,BRL,kg,10,493,593,820,1094,2026-07-17T18:13:26.989Z,2026-07-17T18:13:30.183Z,2026-07-17T18:13:30.808Z,,,3
UFBA-1784294105225-LLTE3I,UFBA,3,Etapa 3 de 3,session-3-ranking,product_card_click,session-3-condition-3.3-green-2-20,Picanha bovina - Cultivada,session-3-condition-3.3-green-2-20,green-2,2,3.3,96,96,BRL,kg,20,259,614,820,1094,2026-07-17T18:13:27.588Z,2026-07-17T18:13:30.183Z,2026-07-17T18:13:30.808Z,,,3
UFBA-1784294105225-LLTE3I,UFBA,3,Etapa 3 de 3,session-3-ranking,confirm_modal_yes_click,confirm-choice-yes,Confirm purchase intention,session-3-condition-3.3-green-2-20,green-2,2,3.3,96,96,BRL,kg,20,483,608,820,1094,2026-07-17T18:13:28.143Z,2026-07-17T18:13:30.183Z,2026-07-17T18:13:30.808Z,,,3
UFBA-1784294105225-LLTE3I,UFBA,3,Etapa 3 de 3,session-3-ranking,product_card_click,session-3-condition-3.3-red-2-5,Picanha bovina - Bem-estar animal,session-3-condition-3.3-red-2-5,red-2,3,3.3,84,84,BRL,kg,5,271,643,820,1094,2026-07-17T18:13:28.735Z,2026-07-17T18:13:30.183Z,2026-07-17T18:13:30.808Z,,,3
UFBA-1784294105225-LLTE3I,UFBA,3,Etapa 3 de 3,session-3-ranking,confirm_modal_yes_click,confirm-choice-yes,Confirm purchase intention,session-3-condition-3.3-red-2-5,red-2,3,3.3,84,84,BRL,kg,5,475,613,820,1094,2026-07-17T18:13:29.222Z,2026-07-17T18:13:30.183Z,2026-07-17T18:13:30.808Z,,,3
UFBA-1784294105225-LLTE3I,UFBA,3,Etapa 3 de 3,session-3-ranking,ranking_complete_click,ranking-complete,Confirm full ranking,,,complete,3.3,,,,,,449,705,820,1094,2026-07-17T18:13:30.183Z,2026-07-17T18:13:30.183Z,2026-07-17T18:13:30.808Z,,,3
PUCPR-1784309552585-5PQNYY,PUCPR,3,Etapa 1 de 3,session-3-ranking,product_card_click,session-3-condition-3.3-red-1-5,Picanha bovina - Angus,session-3-condition-3.3-red-1-5,red-1,1,3.3,89.25,89.25,BRL,kg,5,,,601,832,2026-07-17T18:14:10.188Z,2026-07-17T18:14:31.391Z,2026-07-17T18:14:31.496Z,,,1
PUCPR-1784309552585-5PQNYY,PUCPR,3,Etapa 1 de 3,session-3-ranking,confirm_modal_yes_click,confirm-choice-yes,Confirm purchase intention,session-3-condition-3.3-red-1-5,red-1,1,3.3,89.25,89.25,BRL,kg,5,394,494,601,832,2026-07-17T18:14:10.931Z,2026-07-17T18:14:31.391Z,2026-07-17T18:14:31.496Z,,,1
PUCPR-1784309552585-5PQNYY,PUCPR,3,Etapa 1 de 3,session-3-ranking,product_card_click,session-3-condition-3.3-red-2-10,Picanha bovina - Bem-estar animal,session-3-condition-3.3-red-2-10,red-2,2,3.3,93.5,93.5,BRL,kg,10,191,582,601,832,2026-07-17T18:14:11.522Z,2026-07-17T18:14:31.391Z,2026-07-17T18:14:31.496Z,,,1
PUCPR-1784309552585-5PQNYY,PUCPR,3,Etapa 1 de 3,session-3-ranking,confirm_modal_yes_click,confirm-choice-yes,Confirm purchase intention,session-3-condition-3.3-red-2-10,red-2,2,3.3,93.5,93.5,BRL,kg,10,410,492,601,832,2026-07-17T18:14:12.153Z,2026-07-17T18:14:31.391Z,2026-07-17T18:14:31.496Z,,,1
PUCPR-1784309552585-5PQNYY,PUCPR,3,Etapa 1 de 3,session-3-ranking,product_card_click,session-3-condition-3.3-green-3-20,Picanha bovina - Orgânica,session-3-condition-3.3-green-3-20,green-3,3,3.3,102,102,BRL,kg,20,213,544,601,832,2026-07-17T18:14:12.520Z,2026-07-17T18:14:31.391Z,2026-07-17T18:14:31.496Z,,,1
PUCPR-1784309552585-5PQNYY,PUCPR,3,Etapa 1 de 3,session-3-ranking,confirm_modal_yes_click,confirm-choice-yes,Confirm purchase intention,session-3-condition-3.3-green-3-20,green-3,3,3.3,102,102,BRL,kg,20,349,487,601,832,2026-07-17T18:14:13.135Z,2026-07-17T18:14:31.391Z,2026-07-17T18:14:31.496Z,,,1
PUCPR-1784309552585-5PQNYY,PUCPR,3,Etapa 1 de 3,session-3-ranking,ranking_complete_click,ranking-complete,Confirm full ranking,,,complete,3.3,,,,,,329,562,601,832,2026-07-17T18:14:17.462Z,2026-07-17T18:14:31.391Z,2026-07-17T18:14:31.496Z,,,1
PUCPR-1784309552585-5PQNYY,PUCPR,3,Etapa 2 de 3,session-3-ranking,product_card_click,session-3-condition-3.1-green-3-5,Picanha bovina - Orgânica,session-3-condition-3.1-green-3-5,green-3,1,3.1,89.25,89.25,BRL,kg,5,234,497,601,832,2026-07-17T18:14:19.592Z,2026-07-17T18:14:31.391Z,2026-07-17T18:14:31.496Z,,,2
PUCPR-1784309552585-5PQNYY,PUCPR,3,Etapa 2 de 3,session-3-ranking,confirm_modal_yes_click,confirm-choice-yes,Confirm purchase intention,session-3-condition-3.1-green-3-5,green-3,1,3.1,89.25,89.25,BRL,kg,5,369,494,601,832,2026-07-17T18:14:20.335Z,2026-07-17T18:14:31.391Z,2026-07-17T18:14:31.496Z,,,2
PUCPR-1784309552585-5PQNYY,PUCPR,3,Etapa 2 de 3,session-3-ranking,product_card_click,session-3-condition-3.1-red-2-20,Picanha bovina - Bem-estar animal,session-3-condition-3.1-red-2-20,red-2,2,3.1,102,102,BRL,kg,20,230,460,601,832,2026-07-17T18:14:20.657Z,2026-07-17T18:14:31.391Z,2026-07-17T18:14:31.496Z,,,2
PUCPR-1784309552585-5PQNYY,PUCPR,3,Etapa 2 de 3,session-3-ranking,confirm_modal_yes_click,confirm-choice-yes,Confirm purchase intention,session-3-condition-3.1-red-2-20,red-2,2,3.1,102,102,BRL,kg,20,331,452,601,832,2026-07-17T18:14:21.010Z,2026-07-17T18:14:31.391Z,2026-07-17T18:14:31.496Z,,,2
PUCPR-1784309552585-5PQNYY,PUCPR,3,Etapa 2 de 3,session-3-ranking,product_card_click,session-3-condition-3.1-red-1-10,Picanha bovina - Angus,session-3-condition-3.1-red-1-10,red-1,3,3.1,93.5,93.5,BRL,kg,10,227,509,601,832,2026-07-17T18:14:21.341Z,2026-07-17T18:14:31.391Z,2026-07-17T18:14:31.496Z,,,2
PUCPR-1784309552585-5PQNYY,PUCPR,3,Etapa 2 de 3,session-3-ranking,confirm_modal_yes_click,confirm-choice-yes,Confirm purchase intention,session-3-condition-3.1-red-1-10,red-1,3,3.1,93.5,93.5,BRL,kg,10,333,476,601,832,2026-07-17T18:14:21.670Z,2026-07-17T18:14:31.391Z,2026-07-17T18:14:31.496Z,,,2
PUCPR-1784309552585-5PQNYY,PUCPR,3,Etapa 2 de 3,session-3-ranking,selected_ranking_reorder_drag,session-3-condition-3.1-green-3-5,Picanha bovina - Orgânica,session-3-condition-3.1-green-3-5,green-3,2,3.1,89.25,89.25,BRL,kg,5,352,339,601,832,2026-07-17T18:14:24.092Z,2026-07-17T18:14:31.391Z,2026-07-17T18:14:31.496Z,1,2,2
PUCPR-1784309552585-5PQNYY,PUCPR,3,Etapa 2 de 3,session-3-ranking,selected_ranking_reorder_drag,session-3-condition-3.1-green-3-5,Picanha bovina - Orgânica,session-3-condition-3.1-green-3-5,green-3,2,3.1,89.25,89.25,BRL,kg,5,352,339,601,832,2026-07-17T18:14:24.092Z,2026-07-17T18:14:31.391Z,2026-07-17T18:14:31.496Z,1,2,2
PUCPR-1784309552585-5PQNYY,PUCPR,3,Etapa 2 de 3,session-3-ranking,selected_ranking_reorder_drag,session-3-condition-3.1-green-3-5,Picanha bovina - Orgânica,session-3-condition-3.1-green-3-5,green-3,1,3.1,89.25,89.25,BRL,kg,5,369,319,601,832,2026-07-17T18:14:24.438Z,2026-07-17T18:14:31.391Z,2026-07-17T18:14:31.496Z,2,1,2
PUCPR-1784309552585-5PQNYY,PUCPR,3,Etapa 2 de 3,session-3-ranking,selected_ranking_reorder_drag,session-3-condition-3.1-green-3-5,Picanha bovina - Orgânica,session-3-condition-3.1-green-3-5,green-3,1,3.1,89.25,89.25,BRL,kg,5,369,319,601,832,2026-07-17T18:14:24.438Z,2026-07-17T18:14:31.391Z,2026-07-17T18:14:31.496Z,2,1,2
PUCPR-1784309552585-5PQNYY,PUCPR,3,Etapa 2 de 3,session-3-ranking,ranking_complete_click,ranking-complete,Confirm full ranking,,,complete,3.1,,,,,,353,579,601,832,2026-07-17T18:14:25.406Z,2026-07-17T18:14:31.391Z,2026-07-17T18:14:31.496Z,,,2
PUCPR-1784309552585-5PQNYY,PUCPR,3,Etapa 3 de 3,session-3-ranking,product_card_click,session-3-condition-3.2-green-3-10,Picanha bovina - Orgânica,session-3-condition-3.2-green-3-10,green-3,1,3.2,93.5,93.5,BRL,kg,10,,,601,832,2026-07-17T18:14:27.866Z,2026-07-17T18:14:31.391Z,2026-07-17T18:14:31.496Z,,,3
PUCPR-1784309552585-5PQNYY,PUCPR,3,Etapa 3 de 3,session-3-ranking,confirm_modal_yes_click,confirm-choice-yes,Confirm purchase intention,session-3-condition-3.2-green-3-10,green-3,1,3.2,93.5,93.5,BRL,kg,10,414,480,601,832,2026-07-17T18:14:28.428Z,2026-07-17T18:14:31.391Z,2026-07-17T18:14:31.496Z,,,3
PUCPR-1784309552585-5PQNYY,PUCPR,3,Etapa 3 de 3,session-3-ranking,product_card_click,session-3-condition-3.2-red-1-20,Picanha bovina - Angus,session-3-condition-3.2-red-1-20,red-1,2,3.2,102,102,BRL,kg,20,213,509,601,832,2026-07-17T18:14:28.901Z,2026-07-17T18:14:31.391Z,2026-07-17T18:14:31.496Z,,,3
PUCPR-1784309552585-5PQNYY,PUCPR,3,Etapa 3 de 3,session-3-ranking,confirm_modal_yes_click,confirm-choice-yes,Confirm purchase intention,session-3-condition-3.2-red-1-20,red-1,2,3.2,102,102,BRL,kg,20,381,496,601,832,2026-07-17T18:14:29.425Z,2026-07-17T18:14:31.391Z,2026-07-17T18:14:31.496Z,,,3
PUCPR-1784309552585-5PQNYY,PUCPR,3,Etapa 3 de 3,session-3-ranking,product_card_click,session-3-condition-3.2-red-2-5,Picanha bovina - Bem-estar animal,session-3-condition-3.2-red-2-5,red-2,3,3.2,89.25,89.25,BRL,kg,5,255,492,601,832,2026-07-17T18:14:29.867Z,2026-07-17T18:14:31.391Z,2026-07-17T18:14:31.496Z,,,3
PUCPR-1784309552585-5PQNYY,PUCPR,3,Etapa 3 de 3,session-3-ranking,confirm_modal_yes_click,confirm-choice-yes,Confirm purchase intention,session-3-condition-3.2-red-2-5,red-2,3,3.2,89.25,89.25,BRL,kg,5,377,480,601,832,2026-07-17T18:14:30.361Z,2026-07-17T18:14:31.391Z,2026-07-17T18:14:31.496Z,,,3
PUCPR-1784309552585-5PQNYY,PUCPR,3,Etapa 3 de 3,session-3-ranking,ranking_complete_click,ranking-complete,Confirm full ranking,,,complete,3.2,,,,,,334,562,601,832,2026-07-17T18:14:31.391Z,2026-07-17T18:14:31.391Z,2026-07-17T18:14:31.496Z,,,3
UFBA-1784294105225-LLTE3I,UFBA,3,Etapa 1 de 3,session-3-ranking,product_card_click,session-3-condition-3.1-red-2-10,Picanha bovina - Bem-estar animal,session-3-condition-3.1-red-2-10,red-2,1,3.1,88,88,BRL,kg,10,,,820,1094,2026-07-17T18:15:41.401Z,2026-07-17T18:16:02.935Z,2026-07-17T18:16:03.017Z,,,1
UFBA-1784294105225-LLTE3I,UFBA,3,Etapa 1 de 3,session-3-ranking,confirm_modal_yes_click,confirm-choice-yes,Confirm purchase intention,session-3-condition-3.1-red-2-10,red-2,1,3.1,88,88,BRL,kg,10,528,583,820,1094,2026-07-17T18:15:41.914Z,2026-07-17T18:16:02.935Z,2026-07-17T18:16:03.017Z,,,1
UFBA-1784294105225-LLTE3I,UFBA,3,Etapa 1 de 3,session-3-ranking,product_card_click,session-3-condition-3.1-green-2-5,Picanha bovina - Cultivada,session-3-condition-3.1-green-2-5,green-2,2,3.1,84,84,BRL,kg,5,210,455,820,1094,2026-07-17T18:15:42.190Z,2026-07-17T18:16:02.935Z,2026-07-17T18:16:03.017Z,,,1
UFBA-1784294105225-LLTE3I,UFBA,3,Etapa 1 de 3,session-3-ranking,confirm_modal_no_click,confirm-choice-no,Go back before confirming purchase intention,session-3-condition-3.1-green-2-5,green-2,2,3.1,84,84,BRL,kg,5,337,602,820,1094,2026-07-17T18:15:43.219Z,2026-07-17T18:16:02.935Z,2026-07-17T18:16:03.017Z,,,1
UFBA-1784294105225-LLTE3I,UFBA,3,Etapa 1 de 3,session-3-ranking,product_card_click,session-3-condition-3.1-green-1-20,Picanha bovina - Comum,session-3-condition-3.1-green-1-20,green-1,2,3.1,96,96,BRL,kg,20,442,582,820,1094,2026-07-17T18:15:43.713Z,2026-07-17T18:16:02.935Z,2026-07-17T18:16:03.017Z,,,1
UFBA-1784294105225-LLTE3I,UFBA,3,Etapa 1 de 3,session-3-ranking,confirm_modal_no_click,confirm-choice-no,Go back before confirming purchase intention,session-3-condition-3.1-green-1-20,green-1,2,3.1,96,96,BRL,kg,20,318,580,820,1094,2026-07-17T18:15:44.059Z,2026-07-17T18:16:02.935Z,2026-07-17T18:16:03.017Z,,,1
UFBA-1784294105225-LLTE3I,UFBA,3,Etapa 1 de 3,session-3-ranking,product_card_click,session-3-condition-3.1-green-1-20,Picanha bovina - Comum,session-3-condition-3.1-green-1-20,green-1,2,3.1,96,96,BRL,kg,20,439,579,820,1094,2026-07-17T18:15:44.530Z,2026-07-17T18:16:02.935Z,2026-07-17T18:16:03.017Z,,,1
UFBA-1784294105225-LLTE3I,UFBA,3,Etapa 1 de 3,session-3-ranking,confirm_modal_no_click,confirm-choice-no,Go back before confirming purchase intention,session-3-condition-3.1-green-1-20,green-1,2,3.1,96,96,BRL,kg,20,255,583,820,1094,2026-07-17T18:15:45.190Z,2026-07-17T18:16:02.935Z,2026-07-17T18:16:03.017Z,,,1
UFBA-1784294105225-LLTE3I,UFBA,3,Etapa 1 de 3,session-3-ranking,product_card_click,session-3-condition-3.1-green-1-20,Picanha bovina - Comum,session-3-condition-3.1-green-1-20,green-1,2,3.1,96,96,BRL,kg,20,461,601,820,1094,2026-07-17T18:15:45.632Z,2026-07-17T18:16:02.935Z,2026-07-17T18:16:03.017Z,,,1
UFBA-1784294105225-LLTE3I,UFBA,3,Etapa 1 de 3,session-3-ranking,confirm_modal_yes_click,confirm-choice-yes,Confirm purchase intention,session-3-condition-3.1-green-1-20,green-1,2,3.1,96,96,BRL,kg,20,540,606,820,1094,2026-07-17T18:15:46.015Z,2026-07-17T18:16:02.935Z,2026-07-17T18:16:03.017Z,,,1
UFBA-1784294105225-LLTE3I,UFBA,3,Etapa 1 de 3,session-3-ranking,product_card_click,session-3-condition-3.1-green-2-5,Picanha bovina - Cultivada,session-3-condition-3.1-green-2-5,green-2,3,3.1,84,84,BRL,kg,5,277,616,820,1094,2026-07-17T18:15:46.398Z,2026-07-17T18:16:02.935Z,2026-07-17T18:16:03.017Z,,,1
UFBA-1784294105225-LLTE3I,UFBA,3,Etapa 1 de 3,session-3-ranking,confirm_modal_yes_click,confirm-choice-yes,Confirm purchase intention,session-3-condition-3.1-green-2-5,green-2,3,3.1,84,84,BRL,kg,5,446,592,820,1094,2026-07-17T18:15:46.953Z,2026-07-17T18:16:02.935Z,2026-07-17T18:16:03.017Z,,,1
UFBA-1784294105225-LLTE3I,UFBA,3,Etapa 1 de 3,session-3-ranking,ranking_complete_click,ranking-complete,Confirm full ranking,,,complete,3.1,,,,,,425,718,820,1094,2026-07-17T18:15:48.092Z,2026-07-17T18:16:02.935Z,2026-07-17T18:16:03.017Z,,,1
UFBA-1784294105225-LLTE3I,UFBA,3,Etapa 2 de 3,session-3-ranking,product_card_click,session-3-condition-3.2-red-2-20,Picanha bovina - Bem-estar animal,session-3-condition-3.2-red-2-20,red-2,1,3.2,96,96,BRL,kg,20,241,432,820,1094,2026-07-17T18:15:51.033Z,2026-07-17T18:16:02.935Z,2026-07-17T18:16:03.017Z,,,2
UFBA-1784294105225-LLTE3I,UFBA,3,Etapa 2 de 3,session-3-ranking,confirm_modal_yes_click,confirm-choice-yes,Confirm purchase intention,session-3-condition-3.2-red-2-20,red-2,1,3.2,96,96,BRL,kg,20,502,600,820,1094,2026-07-17T18:15:52.848Z,2026-07-17T18:16:02.935Z,2026-07-17T18:16:03.017Z,,,2
UFBA-1784294105225-LLTE3I,UFBA,3,Etapa 2 de 3,session-3-ranking,product_card_click,session-3-condition-3.2-green-1-5,Picanha bovina - Comum,session-3-condition-3.2-green-1-5,green-1,2,3.2,84,84,BRL,kg,5,282,520,820,1094,2026-07-17T18:15:53.920Z,2026-07-17T18:16:02.935Z,2026-07-17T18:16:03.017Z,,,2
UFBA-1784294105225-LLTE3I,UFBA,3,Etapa 2 de 3,session-3-ranking,confirm_modal_yes_click,confirm-choice-yes,Confirm purchase intention,session-3-condition-3.2-green-1-5,green-1,2,3.2,84,84,BRL,kg,5,492,596,820,1094,2026-07-17T18:15:54.568Z,2026-07-17T18:16:02.935Z,2026-07-17T18:16:03.017Z,,,2
UFBA-1784294105225-LLTE3I,UFBA,3,Etapa 2 de 3,session-3-ranking,product_card_click,session-3-condition-3.2-green-2-10,Picanha bovina - Cultivada,session-3-condition-3.2-green-2-10,green-2,3,3.2,88,88,BRL,kg,10,261,614,820,1094,2026-07-17T18:15:55.149Z,2026-07-17T18:16:02.935Z,2026-07-17T18:16:03.017Z,,,2
UFBA-1784294105225-LLTE3I,UFBA,3,Etapa 2 de 3,session-3-ranking,confirm_modal_yes_click,confirm-choice-yes,Confirm purchase intention,session-3-condition-3.2-green-2-10,green-2,3,3.2,88,88,BRL,kg,10,488,602,820,1094,2026-07-17T18:15:55.630Z,2026-07-17T18:16:02.935Z,2026-07-17T18:16:03.017Z,,,2
UFBA-1784294105225-LLTE3I,UFBA,3,Etapa 2 de 3,session-3-ranking,ranking_complete_click,ranking-complete,Confirm full ranking,,,complete,3.2,,,,,,394,706,820,1094,2026-07-17T18:15:56.350Z,2026-07-17T18:16:02.935Z,2026-07-17T18:16:03.017Z,,,2
UFBA-1784294105225-LLTE3I,UFBA,3,Etapa 3 de 3,session-3-ranking,product_card_click,session-3-condition-3.3-green-1-10,Picanha bovina - Comum,session-3-condition-3.3-green-1-10,green-1,1,3.3,88,88,BRL,kg,10,290,458,820,1094,2026-07-17T18:15:58.171Z,2026-07-17T18:16:02.935Z,2026-07-17T18:16:03.017Z,,,3
UFBA-1784294105225-LLTE3I,UFBA,3,Etapa 3 de 3,session-3-ranking,confirm_modal_yes_click,confirm-choice-yes,Confirm purchase intention,session-3-condition-3.3-green-1-10,green-1,1,3.3,88,88,BRL,kg,10,476,594,820,1094,2026-07-17T18:15:58.870Z,2026-07-17T18:16:02.935Z,2026-07-17T18:16:03.017Z,,,3
UFBA-1784294105225-LLTE3I,UFBA,3,Etapa 3 de 3,session-3-ranking,seal_image_click,seal-green-2,Cultivada,session-3-condition-3.3-green-2-20,green-2,2,3.3,96,96,BRL,kg,20,,,820,1094,2026-07-17T18:15:59.208Z,2026-07-17T18:16:02.935Z,2026-07-17T18:16:03.017Z,,,3
UFBA-1784294105225-LLTE3I,UFBA,3,Etapa 3 de 3,session-3-ranking,product_card_click,session-3-condition-3.3-green-2-20,Picanha bovina - Cultivada,session-3-condition-3.3-green-2-20,green-2,2,3.3,96,96,BRL,kg,20,358,631,820,1094,2026-07-17T18:16:00.362Z,2026-07-17T18:16:02.935Z,2026-07-17T18:16:03.017Z,,,3
UFBA-1784294105225-LLTE3I,UFBA,3,Etapa 3 de 3,session-3-ranking,confirm_modal_yes_click,confirm-choice-yes,Confirm purchase intention,session-3-condition-3.3-green-2-20,green-2,2,3.3,96,96,BRL,kg,20,483,620,820,1094,2026-07-17T18:16:00.963Z,2026-07-17T18:16:02.935Z,2026-07-17T18:16:03.017Z,,,3
UFBA-1784294105225-LLTE3I,UFBA,3,Etapa 3 de 3,session-3-ranking,product_card_click,session-3-condition-3.3-red-2-5,Picanha bovina - Bem-estar animal,session-3-condition-3.3-red-2-5,red-2,3,3.3,84,84,BRL,kg,5,349,621,820,1094,2026-07-17T18:16:01.600Z,2026-07-17T18:16:02.935Z,2026-07-17T18:16:03.017Z,,,3
UFBA-1784294105225-LLTE3I,UFBA,3,Etapa 3 de 3,session-3-ranking,confirm_modal_yes_click,confirm-choice-yes,Confirm purchase intention,session-3-condition-3.3-red-2-5,red-2,3,3.3,84,84,BRL,kg,5,481,618,820,1094,2026-07-17T18:16:02.036Z,2026-07-17T18:16:02.935Z,2026-07-17T18:16:03.017Z,,,3
UFBA-1784294105225-LLTE3I,UFBA,3,Etapa 3 de 3,session-3-ranking,ranking_complete_click,ranking-complete,Confirm full ranking,,,complete,3.3,,,,,,438,689,820,1094,2026-07-17T18:16:02.935Z,2026-07-17T18:16:02.935Z,2026-07-17T18:16:03.017Z,,,3
PUCPR-1784312297035-J16KWG,PUCPR,1,,session-1-ranking,product_card_click,option-1,Picanha bovina - Angus,option-1,red-1,1,,,,,,,,,601,832,2026-07-17T18:18:24.422Z,2026-07-17T18:18:30.092Z,2026-07-17T18:18:30.408Z,,,
PUCPR-1784312297035-J16KWG,PUCPR,1,,session-1-ranking,confirm_modal_yes_click,confirm-choice-yes,Confirm purchase intention,option-1,red-1,1,,,,,,,364,494,601,832,2026-07-17T18:18:24.985Z,2026-07-17T18:18:30.092Z,2026-07-17T18:18:30.408Z,,,
PUCPR-1784312297035-J16KWG,PUCPR,1,,session-1-ranking,product_card_click,option-3,Picanha bovina - Comum,option-3,green-1,2,,,,,,,,,601,832,2026-07-17T18:18:25.471Z,2026-07-17T18:18:30.092Z,2026-07-17T18:18:30.408Z,,,
PUCPR-1784312297035-J16KWG,PUCPR,1,,session-1-ranking,confirm_modal_yes_click,confirm-choice-yes,Confirm purchase intention,option-3,green-1,2,,,,,,,370,500,601,832,2026-07-17T18:18:25.877Z,2026-07-17T18:18:30.092Z,2026-07-17T18:18:30.408Z,,,
PUCPR-1784312297035-J16KWG,PUCPR,1,,session-1-ranking,product_card_click,option-4,Picanha bovina - Cultivada,option-4,green-2,3,,,,,,,262,494,601,832,2026-07-17T18:18:26.373Z,2026-07-17T18:18:30.092Z,2026-07-17T18:18:30.408Z,,,
PUCPR-1784312297035-J16KWG,PUCPR,1,,session-1-ranking,confirm_modal_yes_click,confirm-choice-yes,Confirm purchase intention,option-4,green-2,3,,,,,,,414,469,601,832,2026-07-17T18:18:26.763Z,2026-07-17T18:18:30.092Z,2026-07-17T18:18:30.408Z,,,
PUCPR-1784312297035-J16KWG,PUCPR,1,,session-1-ranking,product_card_click,option-2,Picanha bovina - Bem-estar animal,option-2,red-2,4,,,,,,,200,470,601,832,2026-07-17T18:18:27.039Z,2026-07-17T18:18:30.092Z,2026-07-17T18:18:30.408Z,,,
PUCPR-1784312297035-J16KWG,PUCPR,1,,session-1-ranking,confirm_modal_yes_click,confirm-choice-yes,Confirm purchase intention,option-2,red-2,4,,,,,,,411,464,601,832,2026-07-17T18:18:27.474Z,2026-07-17T18:18:30.092Z,2026-07-17T18:18:30.408Z,,,
PUCPR-1784312297035-J16KWG,PUCPR,1,,session-1-ranking,product_card_click,option-5,Picanha bovina - Orgânica,option-5,green-3,5,,,,,,,238,510,601,832,2026-07-17T18:18:27.759Z,2026-07-17T18:18:30.092Z,2026-07-17T18:18:30.408Z,,,
PUCPR-1784312297035-J16KWG,PUCPR,1,,session-1-ranking,confirm_modal_yes_click,confirm-choice-yes,Confirm purchase intention,option-5,green-3,5,,,,,,,363,477,601,832,2026-07-17T18:18:28.165Z,2026-07-17T18:18:30.092Z,2026-07-17T18:18:30.408Z,,,
PUCPR-1784312297035-J16KWG,PUCPR,1,,session-1-ranking,ranking_complete_click,ranking-complete,Confirm full ranking,,,complete,,,,,,,313,655,601,832,2026-07-17T18:18:28.839Z,2026-07-17T18:18:30.092Z,2026-07-17T18:18:30.408Z,,,
